<?xml version="1.0"?>
<languages>
    <lang id="1"
          code="en_GB"
          name="English"
          name_en="English"
          voice="['-ven+m1']"
          voice_mb="['-v', 'mb-en1']"
          use_mb="False"
          has_uc="True"
          has_cursive="True"
          has_keyboard="True"
          ico_suffix=""
          ltr="True"
          />
    <lang id="1"
          code="en_US"
          name="American English"
          name_en="American English"
          voice="['-ven-us+m1']"
          voice_mb="['-v', 'mb-us1']"
          other_voices="mb-us2, mb-us3"
          use_mb="False"
          has_uc="True"
          has_cursive="True"
          has_keyboard="True"
          ico_suffix=""
          ltr="True"
          />
    <lang id="2"
          code="ar"
          name="العربية"
          name_en="Arabic"
          voice="None"
          voice_mb="['-v', 'mb-ar1']"
          use_mb="False"
          has_uc="False"
          has_cursive="False"
          has_keyboard="False"
          ico_suffix="ar"
          ltr="False"
          />
    <lang id="3"
          code="pl"
          name="Polski"
          name_en="Polish"
          voice="['-vpl+m1']"
          voice_mb="['-v', 'mb-pl1']"
          use_mb="False"
          has_uc="True"
          has_cursive="True"
          has_keyboard="True"
          ico_suffix=""
          ltr="True"
          />
    <lang id="5"
          code="ca"
          name="Català"
          name_en="Catalan"
          voice="['-vca+m1']"
          voice_mb="None"
          use_mb="False"
          has_uc="True"
          has_cursive="True"
          has_keyboard="False"
          ico_suffix=""
          ltr="True"
          />
    <lang id="7"
          code="nl"
          name="Nederlands"
          name_en="Dutch"
          voice="['-vnl+m1']"
          voice_mb="None"
          use_mb="False"
          has_uc="True"
          has_cursive="True"
          has_keyboard="False"
          ico_suffix=""
          ltr="True"
          />
    <lang id="8"
          code="es_ES"
          name="Español"
          name_en="Spanish"
          voice="['-ves+m1']"
          voice_mb="['-v', 'mb-es1']"
          other_voices="mb-es2, mb_mx1, mb_mx2"
          use_mb="False"
          has_uc="True"
          has_cursive="True"
          has_keyboard="False"
          ico_suffix=""
          ltr="True"
          />
    <lang id="9"
          code="pt_PT"
          name="Português"
          name_en="Portuguese"
          voice="['-vpt-pt+m1']"
          voice_mb="['-v', 'mb-pt1']"
          other_voices="mb-br1, mb-br2, mb-br3, mb-br4"
          use_mb="False"
          has_uc="True"
          has_cursive="True"
          has_keyboard="False"
          ico_suffix=""
          ltr="True"
          />
    <lang id="10"
          code="fr"
          name="Français"
          name_en="French"
          voice="['-vfr+m1']"
          voice_mb="['-v', 'mb-fr1']"
          other_voices="mb-fr4"
          use_mb="False"
          has_uc="True"
          has_cursive="True"
          has_keyboard="True"
          ico_suffix=""
          ltr="True"
          />
    <lang id="11"
          code="it"
          name="Italiano"
          name_en="Italian"
          voice="['-vit+m1']"
          voice_mb="['-v', 'mb-it3']"
          other_voices="mb-it4"
          use_mb="False"
          has_uc="True"
          has_cursive="True"
          has_keyboard="False"
          ico_suffix=""
          ltr="True"
          />
    <lang id="12"
          code="de"
          name="Deutsch"
          name_en="German"
          voice="['-vde+m1']"
          voice_mb="['-v', 'mb-de2']"
          other_voices="mb-de3, mb-de4, mb-de5, mb-de6, mb-de7"
          use_mb="False"
          has_uc="True"
          has_cursive="True"
          has_keyboard="True"
          ico_suffix=""
          ltr="True"
          />
    <lang id="13"
          code="ru"
          name="Русский"
          name_en="Russian"
          voice="['-s 150', '-vru']"
          voice_mb="None"
          use_mb="False"
          has_uc="True"
          has_cursive="True"
          has_keyboard="True"
          ico_suffix="ru"
          ltr="True"
          />
    <lang id="14"
          code="uk"
          name="Українська"
          name_en="Ukrainian"
          voice="None"
          voice_mb="None"
          use_mb="False"
          has_uc="True"
          has_cursive="True"
          has_keyboard="True"
          ico_suffix="ru"
          ltr="True"
          />
    <lang id="15"
          code="fi"
          name="Suomalainen"
          name_en="Finnish"
          voice="['-vfi+m1']"
          voice_mb="None"
          use_mb="False"
          has_uc="True"
          has_cursive="True"
          has_keyboard="False"
          ico_suffix=""
          ltr="True"
          />
    <lang id="16"
          code="el"
          name="Ελληνικά"
          name_en="Greek"
          voice="['-vel+m1']"
          voice_mb="['-mb-gr2']"
          use_mb="False"
          has_uc="True"
          has_cursive="True"
          has_keyboard="True"
          ico_suffix="el"
          ltr="True"
          />
    <lang id="17"
          code="he"
          name="תירבע"
          name_en="Hebrew"
          voice="None"
          voice_mb="['-mb-hb1']"
          use_mb="False"
          has_uc="False"
          has_cursive="False"
          has_keyboard="False"
          ico_suffix="he"
          ltr="False"
          />
    <lang id="19"
          code="sr"
          name="Српски"
          name_en="Serbian"
          voice="['-vsr+m1']"
          voice_mb="None"
          use_mb="False"
          has_uc="True"
          has_cursive="True"
          has_keyboard="False"
          ico_suffix="ru"
          ltr="True"
          />
    <lang id="20"
          code="lkt"
          name="Lakȟótiyapi"
          name_en="Lakota"
          voice="None"
          voice_mb="None"
          use_mb="False"
          has_uc="True"
          has_cursive="True"
          has_keyboard="False"
          ico_suffix=""
          ltr="True"
          />
    <lang id="21"
          code="bg"
          name="Български"
          name_en="Bulgarian"
          voice="None"
          voice_mb="None"
          use_mb="False"
          has_uc="True"
          has_cursive="True"
          has_keyboard="False"
          ico_suffix="ru"
          ltr="True"
          />
    <!--
    <lang id="22"
          code="ml"
          name="മലയാളം"
          name_en="Malayalam"
          voice="None"
          voice_mb="None"
          use_mb="False"
          has_uc="False"
          has_cursive="False"
          has_keyboard="False"
          ico_suffix=""
          ltr="True"
          />
    -->
</languages>
