<?xml version="1.0"?>
<!-- -->
<levels>
    <game dbids="5" min_age="0" max_age="1" show_all="1">
        <chapters data="[1]" />
        <level n="1" data="" />
    </game>

    <!-- ABC Activities (game047) -->
    <!-- data = [color code letters, % of letters to complete, immediate feedback] -->
    <game dbids="11, 140" min_age="0" max_age="3" show_all="1">
        <chapters data="[1, 3, 5, 8]" />
        <levels count="8" games_per_level="3">
            <level n="1" data="[0, 25, 1]" />
            <level n="2" data="[0, 50, 1]" />
            <level n="3" data="[0, 75, 1]" />
            <level n="4" data="[0, 100, 1]" />
            <level n="5" data="[1, 25, 0]" />
            <level n="6" data="[1, 50, 0]" />
            <level n="7" data="[1, 75, 0]" />
            <level n="8" data="[1, 100, 0]" />
        </levels>
    </game>

    <!-- Letter Sorting Activities (game047) -->
    <!-- data = [number of letters, consecutive letters, font size] -->
    <game dbids="12" min_age="0" max_age="1" show_all="1">
        <chapters data="[1, 3, 5]" />
        <levels count="5" games_per_level="5">
            <level n="1" data="[3, True, 1]" />
            <level n="2" data="[5, True, 1]" />
            <level n="3" data="[7, True, 1]" />
            <level n="4" data="[9, True, 1]" />
            <level n="5" data="[11, True, 1]" />
        </levels>
    </game>

    <game dbids="12" min_age="2" max_age="7" show_all="0">
        <chapters data="[1, 3, 5]" />
        <levels count="5" games_per_level="5">
            <level n="1" data="[3, False, 1]" />
            <level n="2" data="[5, False, 1]" />
            <level n="3" data="[7, False, 1]" />
            <level n="4" data="[9, False, 1]" />
            <level n="5" data="[11, False, 1]" />
        </levels>
    </game>

    <game dbids="13" min_age="0" max_age="1" show_all="1">
        <chapters data="[1, 3, 5]" />
        <levels count="5" games_per_level="5">
            <level n="1" data="[3, True, 1]" />
            <level n="2" data="[5, True, 1]" />
            <level n="3" data="[7, True, 1]" />
            <level n="4" data="[9, True, 1]" />
            <level n="5" data="[11, True, 1]" />
        </levels>
    </game>

    <game dbids="13" min_age="2" max_age="7" show_all="0">
        <chapters data="[1, 3, 5]" />
        <levels count="5" games_per_level="5">
            <level n="1" data="[3, False, 1]" />
            <level n="2" data="[5, False, 1]" />
            <level n="3" data="[7, False, 1]" />
            <level n="4" data="[9, False, 1]" />
            <level n="5" data="[11, False, 1]" />
        </levels>
    </game>

    <!-- learn to count - fruit dragging games - counting (22), addition (23) and subtraction (24) (game046) -->
    <!-- data = [range_from, range_to, max_sum_range, choice_multiplier, sign, font_size] -->
    <game dbids="22" min_age="0" max_age="1" show_all="1">
        <chapters data="[1, 3, 5]" />
        <levels count="5" games_per_level="5">
            <level n="1" data="1, 5, 5, 2, 'n', 0" />
            <level n="2" data="1, 6, 6, 2, 'n', 0" />
            <level n="3" data="2, 7, 7, 2, 'n', 0" />
            <level n="4" data="3, 8, 8, 2, 'n', 0" />
            <level n="5" data="4, 10, 10, 2, 'n', 0" />
        </levels>
    </game>

    <game dbids="23" min_age="0" max_age="1" show_all="1">
        <chapters data="[1, 3, 5]" />
        <levels count="5" games_per_level="5">
            <level n="1" data="1, 5, 5, 2, '+', 2" />
            <level n="2" data="1, 6, 6, 2, '+', 2" />
            <level n="3" data="2, 7, 7, 2, '+', 2" />
            <level n="4" data="2, 8, 8, 2, '+', 2" />
            <level n="5" data="3, 10, 10, 2, '+', 2" />
        </levels>
    </game>

    <game dbids="24" min_age="0" max_age="1" show_all="1">
        <chapters data="[1, 3, 5]" />
        <levels count="5" games_per_level="5">
            <level n="1" data="2, 6, 6, 2, '-', 2" />
            <level n="2" data="2, 7, 7, 2, '-', 2" />
            <level n="3" data="2, 8, 8, 2, '-', 2" />
            <level n="4" data="2, 9, 9, 2, '-', 2" />
            <level n="5" data="3, 10, 10, 2, '-', 2" />
        </levels>
    </game>

    <!-- shopping list (game025) -->
    <!-- data = [number of items on the list, top_quantity, font-size] -->
    <game dbids="25" min_age="0" max_age="2" show_all="1">
        <chapters data="[1, 4, 8]" />
        <levels count="8" games_per_level="5">
            <level n="1" data="[3, 3, 2]" />
            <level n="2" data="[3, 4, 2]" />
            <level n="3" data="[4, 3, 2]" />
            <level n="4" data="[4, 4, 2]" />
            <level n="5" data="[5, 5, 2]" />
            <level n="6" data="[5, 6, 2]" />
            <level n="7" data="[6, 6, 2]" />
            <level n="8" data="[7, 7, 2]" />
        </levels>
    </game>

    <!-- Number sorting activities (game005) -->
    <!-- data="[number_count, bottom_limit, top_limit, ordered, font_size]" -->
    <game dbids="43" min_age="0" max_age="1" show_all="1">
        <chapters data="[1, 3, 5]" />
        <levels count="5" games_per_level="5">
            <level n="1" data="[3, 0, 5, True, 1]" />
            <level n="2" data="[5, 0, 9, True, 1]" />
            <level n="3" data="[7, 0, 12, True, 2]" />
            <level n="4" data="[9, 0, 17, True, 2]" />
            <level n="5" data="[11, 0, 20, True, 2]" />
        </levels>
    </game>

    <game dbids="43" min_age="2" max_age="2" show_all="0">
        <chapters data="[1, 3, 5]" />
        <levels count="5" games_per_level="5">
            <level n="1" data="[3, 10, 20, True, 2]" />
            <level n="2" data="[5, 20, 40, True, 2]" />
            <level n="3" data="[7, 30, 60, True, 2]" />
            <level n="4" data="[9, 40, 80, True, 2]" />
            <level n="5" data="[11, 50, 100, True, 2]" />
        </levels>
    </game>

    <game dbids="207" min_age="0" max_age="1" show_all="1">
        <chapters data="[1, 3, 5]" />
        <levels count="5" games_per_level="5">
            <level n="1" data="[3, 0, 5, False, 1]" />
            <level n="2" data="[5, 0, 9, False, 1]" />
            <level n="3" data="[7, 0, 12, False, 2]" />
            <level n="4" data="[9, 0, 17, False, 2]" />
            <level n="5" data="[11, 0, 20, False, 2]" />
        </levels>
    </game>

    <game dbids="207" min_age="2" max_age="2" show_all="0">
        <chapters data="[1, 3, 5]" />
        <levels count="5" games_per_level="5">
            <level n="1" data="[3, 0, 20, False, 2]" />
            <level n="2" data="[5, 0, 40, False, 2]" />
            <level n="3" data="[7, 0, 60, False, 2]" />
            <level n="4" data="[9, 0, 80, False, 2]" />
            <level n="5" data="[11, 0, 100, False, 2]" />
        </levels>
    </game>

    <game dbids="207" min_age="3" max_age="3" show_all="0">
        <chapters data="[1, 3, 5]" />
        <levels count="5" games_per_level="5">
            <level n="1" data="[3, 0, 100, False, 2]" />
            <level n="2" data="[5, 0, 300, False, 2]" />
            <level n="3" data="[7, 0, 500, False, 2]" />
            <level n="4" data="[9, 0, 700, False, 2]" />
            <level n="5" data="[11, 0, 999, False, 2]" />
        </levels>
    </game>

    <game dbids="207" min_age="4" max_age="4" show_all="0">
        <chapters data="[1, 3, 5]" />
        <levels count="5" games_per_level="5">
            <level n="1" data="[3, 100, 1500, False, 6]" />
            <level n="2" data="[5, 500, 3000, False, 6]" />
            <level n="3" data="[7, 750, 5000, False, 6]" />
            <level n="4" data="[9, 1000, 7000, False, 6]" />
            <level n="5" data="[11, 1000, 9999, False, 6]" />
        </levels>
    </game>

    <game dbids="207" min_age="5" max_age="5" show_all="0">
        <chapters data="[1, 3, 5]" />
        <levels count="5" games_per_level="5">
            <level n="1" data="[3, -1000, 1000, False, 6]" />
            <level n="2" data="[5, -5000, 5000, False, 6]" />
            <level n="3" data="[7, -7000, 7000, False, 6]" />
            <level n="4" data="[9, -10000, 10000, False, 7]" />
            <level n="5" data="[11, -99999, 99999, False, 7]" />
        </levels>
    </game>

    <game dbids="215" min_age="4" max_age="4" show_all="1">
        <chapters data="[1, 3, 5]" />
        <levels count="5" games_per_level="5">
            <level n="1" data="[3, -100, 50, False, 6]" />
            <level n="2" data="[5, -500, 250, False, 6]" />
            <level n="3" data="[7, -1000, 500, False, 6]" />
            <level n="4" data="[9, -5000, 5000, False, 6]" />
            <level n="5" data="[11, -9999, 9999, False, 6]" />
        </levels>
    </game>

    <game dbids="215" min_age="5" max_age="6" show_all="0">
        <chapters data="[1, 3, 5]" />
        <levels count="5" games_per_level="5">
            <level n="1" data="[3, -1000, 500, False, 6]" />
            <level n="2" data="[5, -5000, 2500, False, 6]" />
            <level n="3" data="[7, -7000, 5000, False, 6]" />
            <level n="4" data="[9, -10000, 5000, False, 7]" />
            <level n="5" data="[11, -99999, 59999, False, 7]" />
        </levels>
    </game>

    <!-- number comparison activities (game032) -->
    <!-- data = [horizontal_number_of_units, bottom_limit, top_limit, number_count, font_size] -->
    <game dbids="45" min_age="0" max_age="1" show_all="1">
        <chapters data="[1, 4, 8]" />
        <levels count="8" games_per_level="10">
            <level n="1" data="[3, 0, 5, 2, 2]" />
            <level n="2" data="[3, 0, 7, 2, 2]" />
            <level n="3" data="[5, 0, 10, 3, 2]" />
            <level n="4" data="[5, 0, 12, 3, 2]" />
            <level n="5" data="[7, 0, 14, 4, 2]" />
            <level n="6" data="[7, 0, 16, 4, 2]" />
            <level n="7" data="[9, 10, 18, 5, 2]" />
            <level n="8" data="[9, 10, 20, 5, 2]" />
        </levels>
    </game>

    <game dbids="45" min_age="2" max_age="2" show_all="0">
        <chapters data="[1, 4, 8, 12, 15]" />
        <levels count="15" games_per_level="5">
            <level n="1" data="[3, 0, 40, 2, 2]" />
            <level n="2" data="[5, 10, 40, 3, 2]" />
            <level n="3" data="[7, 10, 40, 4, 2]" />
            <level n="4" data="[9, 15, 40, 5, 2]" />
            <level n="5" data="[11, 15, 40, 6, 2]" />
            <level n="6" data="[3, 15, 70, 2, 2]" />
            <level n="7" data="[5, 20, 70, 3, 2]" />
            <level n="8" data="[7, 20, 70, 4, 2]" />
            <level n="9" data="[9, 20, 70, 5, 2]" />
            <level n="10" data="[11, 20, 70, 6, 2]" />
            <level n="11" data="[3, 30, 99, 2, 2]" />
            <level n="12" data="[5, 30, 99, 3, 2]" />
            <level n="13" data="[7, 40, 99, 4, 2]" />
            <level n="14" data="[9, 40, 99, 5, 2]" />
            <level n="15" data="[11, 40, 99, 6, 2]" />
        </levels>
    </game>

    <game dbids="45" min_age="3" max_age="3" show_all="0">
        <chapters data="[1, 4, 8, 12, 15]" />
        <levels count="15" games_per_level="5">
            <level n="1" data="[3, 10, 100, 2, 3]" />
            <level n="2" data="[5, 10, 100, 3, 3]" />
            <level n="3" data="[7, 10, 100, 4, 3]" />
            <level n="4" data="[9, 15, 100, 5, 3]" />
            <level n="5" data="[11, 15, 100, 6, 3]" />
            <level n="6" data="[3, 100, 500, 2, 3]" />
            <level n="7" data="[5, 100, 500, 3, 3]" />
            <level n="8" data="[7, 100, 500, 4, 3]" />
            <level n="9" data="[9, 100, 500, 5, 3]" />
            <level n="10" data="[11, 100, 500, 6, 3]" />
            <level n="11" data="[3, 300, 999, 2, 3]" />
            <level n="12" data="[5, 300, 999, 3, 3]" />
            <level n="13" data="[7, 300, 999, 4, 3]" />
            <level n="14" data="[9, 300, 999, 5, 3]" />
            <level n="15" data="[11, 300, 999, 6, 3]" />
        </levels>
    </game>

    <game dbids="45" min_age="4" max_age="4" show_all="0">
        <chapters data="[1, 4, 8, 12, 15]" />
        <levels count="15" games_per_level="5">
            <level n="1" data="[3, 100, 1000, 2, 4]" />
            <level n="2" data="[5, 100, 1000, 3, 4]" />
            <level n="3" data="[7, 100, 1000, 4, 4]" />
            <level n="4" data="[9, 150, 1000, 5, 4]" />
            <level n="5" data="[11, 150, 1000, 6, 4]" />
            <level n="6" data="[3, 1000, 5000, 2, 4]" />
            <level n="7" data="[5, 1000, 5000, 3, 4]" />
            <level n="8" data="[7, 1000, 5000, 4, 4]" />
            <level n="9" data="[9, 1000, 5000, 5, 4]" />
            <level n="10" data="[11, 1000, 5000, 6, 4]" />
            <level n="11" data="[3, 3000, 9999, 2, 4]" />
            <level n="12" data="[5, 3000, 9999, 3, 4]" />
            <level n="13" data="[7, 3000, 9999, 4, 4]" />
            <level n="14" data="[9, 3000, 9999, 5, 4]" />
            <level n="15" data="[11, 3000, 9999, 6, 4]" />
        </levels>
    </game>

    <game dbids="216" min_age="4" max_age="7" show_all="1">
        <chapters data="[1, 4, 8, 12, 15]" />
        <levels count="15" games_per_level="5">
            <level n="1" data="[3, -1000, 50, 2, 5]" />
            <level n="2" data="[5, -1000, 500, 3, 5]" />
            <level n="3" data="[7, -1000, 500, 4, 5]" />
            <level n="4" data="[9, -1000, 750, 5, 5]" />
            <level n="5" data="[11, -1000, 750, 6, 5]" />
            <level n="6" data="[3, -5000, 2500, 2, 5]" />
            <level n="7" data="[5, -5000, 2500, 3, 5]" />
            <level n="8" data="[7, -5000, 2500, 4, 5]" />
            <level n="9" data="[9, -5000, 2500, 5, 5]" />
            <level n="10" data="[11, -5000, 2500, 6, 5]" />
            <level n="11" data="[3, -9999, 4999, 2, 5]" />
            <level n="12" data="[5, -9999, 4999, 3, 5]" />
            <level n="13" data="[7, -9999, 4999, 4, 5]" />
            <level n="14" data="[9, -9999, 4999, 5, 5]" />
            <level n="15" data="[11, -9999, 4999, 6, 5]" />
        </levels>
    </game>

    <!-- even or odd activity (game011) -->
    <!-- data = [number_count, bottom_limit, top_limit, font_size] -->
    <game dbids="44" min_age="1" max_age="1" show_all="1">
        <chapters data="[1, 3, 6]" />
        <levels count="6" games_per_level="5">
            <level n="1" data="[10, 1, 10, 2]" />
            <level n="2" data="[10, 1, 15, 2]" />
            <level n="3" data="[10, 1, 20, 2]" />
            <level n="4" data="[15, 1, 15, 2]" />
            <level n="5" data="[15, 1, 20, 2]" />
            <level n="6" data="[20, 1, 20, 2]" />
        </levels>
    </game>

    <game dbids="44" min_age="2" max_age="2" show_all="0">
        <chapters data="[1, 3, 6]" />
        <levels count="6" games_per_level="5">
            <level n="1" data="[10, 1, 20, 2]" />
            <level n="2" data="[10, 1, 40, 2]" />
            <level n="3" data="[10, 1, 50, 2]" />
            <level n="4" data="[20, 10, 60, 2]" />
            <level n="5" data="[20, 10, 80, 2]" />
            <level n="6" data="[20, 10, 99, 2]" />
        </levels>
    </game>

    <game dbids="44" min_age="3" max_age="3" show_all="0">
        <chapters data="[1, 3, 6]" />
        <levels count="6" games_per_level="5">
            <level n="1" data="[10, 10, 99, 3]" />
            <level n="2" data="[10, 100, 200, 3]" />
            <level n="3" data="[10, 100, 400, 3]" />
            <level n="4" data="[20, 100, 600, 3]" />
            <level n="5" data="[20, 300, 800, 3]" />
            <level n="6" data="[20, 400, 999, 3]" />
        </levels>
    </game>

    <game dbids="217" min_age="4" max_age="7" show_all="1">
        <chapters data="[1, 3, 6]" />
        <levels count="6" games_per_level="5">
            <level n="1" data="[10, -99, 49, 3]" />
            <level n="2" data="[10, -100, 50, 3]" />
            <level n="3" data="[10, -250, 100, 3]" />
            <level n="4" data="[20, -500, 250, 3]" />
            <level n="5" data="[20, -750, 300, 3]" />
            <level n="6" data="[20, -999, 499, 3]" />
        </levels>
    </game>

    <!-- addition - find solution (game039), find missing number (game019) and matching game (game060)-->
    <!-- data = [bottom_range1, top_range1, bottom_range2, top_range2, operator, font_size, font_size for matching game, matching game horizontal count, vertical count] -->
    <!-- make sure there's more than 5 different results-->
    <game dbids="31, 35, 39, 301, 302" min_age="0" max_age="1" show_all="1">
        <chapters data="[1, 4, 8]" />
        <levels count="8" games_per_level="5">
            <level n="1" data="[1, 4, 1, 5, '+', 2, 7, 4, 2]" />
            <level n="2" data="[2, 6, 1, 4, '+', 2, 7, 4, 2]" />
            <level n="3" data="[2, 8, 1, 5, '+', 2, 7, 4, 2]" />
            <level n="4" data="[2, 10, 2, 6, '+', 2, 7, 4, 2]" />
            <level n="5" data="[3, 10, 2, 8, '+', 2, 7, 4, 2]" />
            <level n="6" data="[4, 10, 2, 10, '+', 2, 7, 4, 2]" />
            <level n="7" data="[5, 15, 2, 5, '+', 2, 7, 4, 2]" />
            <level n="8" data="[10, 15, 2, 5, '+', 2, 7, 4, 2]" />
        </levels>
    </game>

    <game dbids="31, 35, 39, 301, 302" min_age="2" max_age="2" show_all="0">
        <chapters data="[1, 3, 6, 9, 12, 14]" />
        <levels count="14" games_per_level="5">
            <level n="1" data="[11, 19, 2, 9, '+', 2, 8, 4, 2]" />
            <level n="2" data="[2, 9, 11, 19, '+', 2, 8, 4, 2]" />
            <level n="3" data="[11, 39, 2, 9, '+', 2, 8, 4, 2]" />
            <level n="4" data="[2, 9, 11, 39, '+', 2, 8, 4, 2]" />
            <level n="5" data="[21, 59, 2, 9, '+', 2, 8, 4, 2]" />
            <level n="6" data="[2, 9, 21, 59, '+', 2, 8, 4, 2]" />
            <level n="7" data="[31, 79, 2, 9, '+', 2, 8, 4, 2]" />
            <level n="8" data="[2, 9, 31, 79, '+', 2, 8, 4, 2]" />
            <level n="9" data="[41, 99, 2, 9, '+', 2, 8, 4, 2]" />
            <level n="10" data="[2, 9, 41, 89, '+', 2, 8, 4, 2]" />
            <level n="11" data="[11, 79, 11, 19, '+', 2, 8, 4, 2]" />
            <level n="12" data="[11, 19, 11, 79, '+', 2, 8, 4, 2]" />
            <level n="13" data="[11, 59, 21, 39, '+', 2, 8, 4, 2]" />
            <level n="14" data="[21, 39, 11, 59, '+', 2, 8, 4, 2]" />
        </levels>
    </game>

    <game dbids="31, 35, 39, 301, 302" min_age="3" max_age="3" show_all="0">
        <chapters data="[1, 3, 6, 9, 12, 14]" />
        <levels count="14" games_per_level="5">
            <level n="1" data="[111, 149, 5, 19, '+', 3, 10, 4, 3]" />
            <level n="2" data="[5, 19, 111, 149, '+', 3, 10, 4, 3]" />
            <level n="3" data="[151, 169, 11, 29, '+', 3, 10, 4, 3]" />
            <level n="4" data="[11, 29, 151, 169, '+', 3, 10, 4, 3]" />
            <level n="5" data="[151, 199, 51, 59, '+', 3, 10, 4, 3]" />
            <level n="6" data="[51, 59, 151, 199, '+', 3, 10, 4, 3]" />
            <level n="7" data="[201, 399, 11, 99, '+', 3, 10, 4, 3]" />
            <level n="8" data="[11, 99, 201, 399, '+', 3, 10, 4, 3]" />
            <level n="9" data="[401, 799, 101, 201, '+', 3, 10, 4, 3]" />
            <level n="10" data="[101, 201, 401, 799, '+', 3, 10, 4, 3]" />
            <level n="11" data="[301, 699, 201, 299, '+', 3, 10, 4, 3]" />
            <level n="12" data="[201, 299, 301, 699, '+', 3, 10, 4, 3]" />
            <level n="13" data="[401, 599, 299, 399, '+', 3, 10, 4, 3]" />
            <level n="14" data="[299, 399, 401, 599, '+', 3, 10, 4, 3]" />
        </levels>
    </game>

    <game dbids="31, 35, 39, 301, 302" min_age="4" max_age="4" show_all="0">
        <chapters data="[1, 3, 6, 9, 12, 14]" />
        <levels count="14" games_per_level="5">
            <level n="1" data="[1111, 1949, 11, 29, '+', 4, 28, 4, 3]" />
            <level n="2" data="[11, 29, 1111, 1949, '+', 4, 28, 4, 3]" />
            <level n="3" data="[1651, 1969, 111, 229, '+', 4, 28, 4, 3]" />
            <level n="4" data="[111, 229, 1651, 1969, '+', 4, 28, 4, 3]" />
            <level n="5" data="[1651, 1999, 151, 559, '+', 4, 28, 4, 3]" />
            <level n="6" data="[151, 559, 1651, 1999, '+', 4, 28, 4, 3]" />
            <level n="7" data="[2901, 3999, 559, 999, '+', 4, 28, 4, 3]" />
            <level n="8" data="[559, 999, 2901, 3999, '+', 4, 28, 4, 3]" />
            <level n="9" data="[4901, 7999, 1001, 2001, '+', 4, 28, 4, 3]" />
            <level n="10" data="[1001, 2001, 4901, 7999, '+', 4, 28, 4, 3]" />
            <level n="11" data="[3901, 6999, 2001, 2999, '+', 4, 28, 4, 3]" />
            <level n="12" data="[2001, 2999, 3901, 6999, '+', 4, 28, 4, 3]" />
            <level n="13" data="[4901, 5999, 2999, 3999, '+', 4, 28, 4, 3]" />
            <level n="14" data="[2999, 3999, 4901, 5999, '+', 4, 28, 4, 3]" />
        </levels>
    </game>

    <game dbids="31, 35, 39, 301, 302" min_age="5" max_age="5" show_all="0">
        <chapters data="[1, 3, 6]" />
        <levels count="6" games_per_level="5">
            <level n="1" data="[10001, 39999, 111, 999, '+', 7, 29, 4, 3]" />
            <level n="2" data="[111, 999, 10001, 39999, '+', 7, 29, 4, 3]" />
            <level n="3" data="[30001, 59999, 111, 999, '+', 7, 29, 4, 3]" />
            <level n="4" data="[111, 999, 30001, 59999, '+', 7, 29, 4, 3]" />
            <level n="5" data="[60001, 89999, 1001, 9999, '+', 7, 29, 4, 3]" />
            <level n="6" data="[1001, 9999, 60001, 89999, '+', 7, 29, 4, 3]" />
        </levels>
    </game>

    <game dbids="31, 35, 39, 301, 302" min_age="6" max_age="6" show_all="0">
        <chapters data="[1, 3, 6]" />
        <levels count="6" games_per_level="5">
            <level n="1" data="[100001, 399999, 1001, 9999, '+', 8, 30, 4, 3]" />
            <level n="2" data="[1001, 9999, 100001, 399999, '+', 8, 30, 4, 3]" />
            <level n="3" data="[300001, 599999, 1001, 9999, '+', 8, 30, 4, 3]" />
            <level n="4" data="[1001, 9999, 300001, 599999, '+', 8, 30, 4, 3]" />
            <level n="5" data="[600001, 899999, 10001, 99999, '+', 8, 30, 4, 3]" />
            <level n="6" data="[10001, 99999, 600001, 899999, '+', 8, 30, 4, 3]" />
        </levels>
    </game>

    <!-- negative numbers -->
    <game dbids="218, 219, 220, 309, 310" min_age="4" max_age="4" show_all="1">
        <chapters data="[1, 3, 6, 9, 12]" />
        <levels count="12" games_per_level="5">
            <level n="1" data="[-50, -10, 11, 29, '+', 4, 28, 4, 3]" />
            <level n="2" data="[-100, -10, 11, 49, '+', 4, 28, 4, 3]" />
            <level n="3" data="[-250, -50, 11, 329, '+', 4, 28, 4, 3]" />
            <level n="4" data="[-500, -100, 11, 759, '+', 4, 28, 4, 3]" />
            <level n="5" data="[-750, -100, 101, 500, '+', 4, 28, 4, 3]" />
            <level n="6" data="[-1000, -500, 201, 1999, '+', 4, 28, 4, 3]" />
            <level n="7" data="[-2500, -500, 201, 3999, '+', 4, 28, 4, 3]" />
            <level n="8" data="[-5000, -1000, 201, 6999, '+', 4, 28, 4, 3]" />
            <level n="9" data="[-7500, -1000, 2011, 9999, '+', 4, 28, 4, 3]" />
            <level n="10" data="[-9999, -2000, 2001, 9999, '+', 4, 28, 4, 3]" />
            <level n="11" data="[-4999, -500, -2000, -99, '+', 4, 29, 4, 3]" />
            <level n="12" data="[-4999, 5000, -5000, -99, '+', 4, 29, 4, 3]" />
        </levels>
    </game>

    <game dbids="218, 219, 220, 309, 310" min_age="5" max_age="6" show_all="0">
        <chapters data="[1, 3, 6, 9, 12]" />
        <levels count="12" games_per_level="5">
            <level n="1" data="[-500, -100, 110, 290, '+', 6, 29, 4, 3]" />
            <level n="2" data="[-1000, -100, 110, 490, '+', 6, 29, 4, 3]" />
            <level n="3" data="[-2500, -500, 110, 3290, '+', 6, 29, 4, 3]" />
            <level n="4" data="[-5000, -1000, 110, 7590, '+', 6, 29, 4, 3]" />
            <level n="5" data="[-7500, -1000, 1010, 5000, '+', 6, 29, 4, 3]" />
            <level n="6" data="[-10000, -5000, 2010, 19990, '+', 6, 29, 4, 3]" />
            <level n="7" data="[-25000, -5000, 2010, 39990, '+', 6, 29, 4, 3]" />
            <level n="8" data="[-50000, -10000, 2010, 69990, '+', 6, 29, 4, 3]" />
            <level n="9" data="[-75000, -10000, 20110, 99990, '+', 6, 29, 4, 3]" />
            <level n="10" data="[-99990, -20000, 20010, 99990, '+', 6, 29, 4, 3]" />
            <level n="11" data="[-49990, -5000, -4999, -999, '+', 6, 30, 4, 3]" />
            <level n="12" data="[-49990, 50000, -9999, -999, '+', 6, 30, 4, 3]" />
        </levels>
    </game>

    <!-- subtraction - find solution (game039) and find missing number (game019) -->
    <!-- data = [bottom_range1, top_range1, bottom_range2, 0, operator, font_size, font_size for matching game, matching game horizontal count, vertical count] -->
    <!-- subtraction - bottom_range2 must be less than bottom_range1-->
    <game dbids="32, 36, 40, 303, 304" min_age="0" max_age="1" show_all="1">
        <chapters data="[1, 3, 5]" />
        <levels count="5" games_per_level="5">
            <level n="1" data="[3, 10, 1, 0, '-', 2, 7, 4, 2]" />
            <level n="2" data="[5, 10, 2, 0, '-', 2, 7, 4, 2]" />
            <level n="3" data="[5, 15, 3, 0, '-', 2, 7, 4, 2]" />
            <level n="4" data="[5, 20, 4, 0, '-', 2, 7, 4, 2]" />
            <level n="5" data="[10, 20, 9, 0, '-', 2, 7, 4, 2]" />
        </levels>
    </game>

    <game dbids="32, 36, 40, 303, 304" min_age="2" max_age="2" show_all="0">
        <chapters data="[1, 3, 6, 9]" />
        <levels count="9" games_per_level="5">
            <level n="1" data="[12, 25, 6, 0, '-', 2, 8, 4, 2]" />
            <level n="2" data="[12, 29, 11, 0, '-', 2, 8, 4, 2]" />
            <level n="3" data="[16, 39, 15, 0, '-', 2, 8, 4, 2]" />
            <level n="4" data="[21, 49, 16, 0, '-', 2, 8, 4, 2]" />
            <level n="5" data="[21, 59, 16, 0, '-', 2, 8, 4, 2]" />
            <level n="6" data="[31, 69, 21, 0, '-', 2, 8, 4, 2]" />
            <level n="7" data="[31, 79, 21, 0, '-', 2, 8, 4, 2]" />
            <level n="8" data="[51, 89, 31, 0, '-', 2, 8, 4, 2]" />
            <level n="9" data="[51, 99, 31, 0, '-', 2, 8, 4, 2]" />
        </levels>
    </game>

    <game dbids="32, 36, 40, 303, 304" min_age="3" max_age="3" show_all="0">
        <chapters data="[1, 3, 6]" />
        <levels count="6" games_per_level="5">
            <level n="1" data="[12, 99, 11, 0, '-', 3, 10, 5, 4]" />
            <level n="2" data="[51, 150, 11, 0, '-', 3, 10, 5, 4]" />
            <level n="3" data="[150, 250, 11, 0, '-', 3, 10, 5, 4]" />
            <level n="4" data="[250, 500, 11, 0, '-', 3, 10, 5, 4]" />
            <level n="5" data="[500, 750, 11, 0, '-', 3, 10, 5, 4]" />
            <level n="6" data="[750, 999, 11, 0, '-', 3, 10, 5, 4]" />
        </levels>
    </game>

    <game dbids="32, 36, 40, 303, 304" min_age="4" max_age="4" show_all="0">
        <chapters data="[1, 3, 5]" />
        <levels count="5" games_per_level="5">
            <level n="1" data="[1001, 2500, 11, 0, '-', 3, 28, 5, 4]" />
            <level n="2" data="[2001, 4500, 11, 0, '-', 3, 28, 5, 4]" />
            <level n="3" data="[3001, 6500, 11, 0, '-', 3, 28, 5, 4]" />
            <level n="4" data="[4001, 8500, 11, 0, '-', 3, 28, 5, 4]" />
            <level n="5" data="[5000, 9999, 11, 0, '-', 3, 28, 5, 4]" />
        </levels>
    </game>

    <game dbids="32, 36, 40, 303, 304" min_age="5" max_age="5" show_all="0">
        <chapters data="[1, 3, 5]" />
        <levels count="5" games_per_level="5">
            <level n="1" data="[10001, 25000, 11, 0, '-', 6, 29, 5, 4]" />
            <level n="2" data="[20001, 45000, 11, 0, '-', 6, 29, 5, 4]" />
            <level n="3" data="[30001, 65000, 11, 0, '-', 6, 29, 5, 4]" />
            <level n="4" data="[40001, 85000, 11, 0, '-', 6, 29, 5, 4]" />
            <level n="5" data="[50000, 99999, 11, 0, '-', 6, 29, 5, 4]" />
        </levels>
    </game>

    <game dbids="32, 36, 40, 303, 304" min_age="6" max_age="6" show_all="0">
        <chapters data="[1, 3, 5]" />
        <levels count="5" games_per_level="5">
            <level n="1" data="[100001, 250000, 11, 0, '-', 8, 11, 5, 4]" />
            <level n="2" data="[200001, 450000, 11, 0, '-', 8, 11, 5, 4]" />
            <level n="3" data="[300001, 650000, 11, 0, '-', 8, 11, 5, 4]" />
            <level n="4" data="[400001, 850000, 11, 0, '-', 8, 11, 5, 4]" />
            <level n="5" data="[500000, 999999, 11, 0, '-', 8, 11, 5, 4]" />
        </levels>
    </game>
    
    <!-- subtraction with negative numbers -->
    
    <game dbids="221, 222, 223, 311, 312" min_age="4" max_age="4" show_all="1">
        <chapters data="[1, 3, 5, 7, 9, 11]" />
        <levels count="11" games_per_level="5">
            <level n="1" data="[11, 49, 50, 100, '-', 4, 28, 4, 3]" />
            <level n="2" data="[11, 99, 100, 250, '-', 4, 28, 4, 3]" />
            <level n="3" data="[101, 999, 999, 3999, '-', 4, 28, 4, 3]" />
            <level n="4" data="[1001, 2500, 2501, 4999, '-', 4, 28, 4, 3]" />
            <level n="5" data="[1001, 5000, 5001, 9999, '-', 4, 28, 4, 3]" />
            <level n="6" data="[-1000, -100, 201, 1999, '-', 4, 28, 4, 3]" />
            <level n="7" data="[-2500, -100, 201, 3999, '-', 4, 28, 4, 3]" />
            <level n="8" data="[-5000, -1000, 201, 4999, '-', 4, 28, 4, 3]" />
            <level n="9" data="[-7500, -1000, 1011, 2499, '-', 4, 28, 4, 3]" />
            <level n="10" data="[-4999, -500, -2000, -99, '-', 4, 29, 4, 3]" />
            <level n="11" data="[-4999, 5000, -4999, -99, '-', 4, 29, 4, 3]" />
        </levels>
    </game>

    <game dbids="221, 222, 223, 311, 312" min_age="5" max_age="6" show_all="0">
        <chapters data="[1, 3, 5, 7, 9, 11]" />
        <levels count="11" games_per_level="5">
            <level n="1" data="[119, 499, 509, 1009, '-', 6, 29, 4, 3]" />
            <level n="2" data="[119, 999, 1009, 25099, '-', 6, 29, 4, 3]" />
            <level n="3" data="[1010, 9999, 9999, 39999, '-', 6, 29, 4, 3]" />
            <level n="4" data="[10010, 25009, 25019, 49999, '-', 6, 29, 4, 3]" />
            <level n="5" data="[10010, 50009, 50019, 99999, '-', 6, 29, 4, 3]" />
            <level n="6" data="[-10000, -1009, 2019, 19999, '-', 6, 29, 4, 3]" />
            <level n="7" data="[-25000, -1009, 2019, 39999, '-', 6, 29, 4, 3]" />
            <level n="8" data="[-50000, -10009, 2019, 49999, '-', 6, 29, 4, 3]" />
            <level n="9" data="[-75000, -10000, 10110, 24999, '-', 6, 29, 4, 3]" />
            <level n="10" data="[-49999, -5000, -20000, -999, '-', 7, 30, 4, 3]" />
            <level n="11" data="[-49999, 50000, -49999, -999, '-', 7, 30, 4, 3]" />
        </levels>
    </game>

    <!-- animal maching games game060 -->
    <game dbids="88, 89" min_age="0" max_age="7" show_all="1">
        <chapters data="[1, 3, 5, 7, 9, 11]" />
        <levels count="11" games_per_level="5">
            <level n="1" data="[4, 2]" />
            <level n="2" data="[5, 2]" />
            <level n="3" data="[6, 2]" />
            <level n="4" data="[7, 2]" />
            <level n="5" data="[6, 3]" />
            <level n="6" data="[5, 4]" />
            <level n="7" data="[6, 4]" />
            <level n="8" data="[7, 4]" />
            <level n="9" data="[6, 5]" />
            <level n="10" data="[6, 6]" />
            <level n="11" data="[7, 6]" />
        </levels>
    </game>

    <!-- multiplication and division - find solution (game039) and find missing number (game019) multiplication matching game (game060) -->
    <!-- data = [bottom_range1, top_range1, bottom_range2, top_range2, operator (division will be substituted in game), font_size, font_size for matching game, matching game horizontal count, vertical count] -->
    <!-- or alternatively: -->
    <!-- data = ['coma separated list of numbers', 0, 'coma separated list of numbers for the second number', 0, '*', font_size, font_size for matching game, matching game horizontal count, vertical count] -->
    <!-- or mix of both -->
    <!-- make sure the horizontal count * vertical count is an even number -->
    <game dbids="33, 37, 38, 41, 42, 305, 306, 307, 308" min_age="2" max_age="2" show_all="0">
        <chapters data="[1, 3, 6, 10]" />
        <levels count="10" games_per_level="10">
            <level n="1" data="[1, 2, 1, 6, '*', 2, 8, 5, 2]" />
            <level n="2" data="[1, 6, 1, 2, '*', 2, 8, 5, 2]" />
            <level n="3" data="['2, 5, 10', 0, 1, 6, '*', 2, 8, 5, 2]" />
            <level n="4" data="[1, 6, '5, 10', 0, '*', 2, 8, 5, 2]" />
            <level n="5" data="[1, 2, 7, 12, '*', 2, 8, 5, 2]" />
            <level n="6" data="[7, 12, 1, 2, '*', 2, 8, 5, 2]" />
            <level n="7" data="['2, 5, 10', 0, 7, 12, '*', 2, 8, 5, 2]" />
            <level n="8" data="[7, 12, '5, 10', 0, '*', 2, 8, 5, 2]" />
            <level n="9" data="['1, 2, 5, 10', 0, 1, 12, '*', 2, 8, 5, 2]" />
            <level n="10" data="[1, 12, '1, 2, 5, 10', 0, '*', 2, 8, 5, 2]" />
        </levels>
    </game>

    <game dbids="33, 37, 38, 41, 42, 305, 306, 307, 308" min_age="3" max_age="3" show_all="0">
        <chapters data="[1, 4, 8, 12]" />
        <levels count="12" games_per_level="10">
            <level n="1" data="['3, 4', 0, 1, 6, '*', 2, 8, 5, 4]" />
            <level n="2" data="[1, 6, '3, 4', 0, '*', 2, 8, 5, 4]" />
            <level n="3" data="['3, 4, 8', 0, 1, 6, '*', 2, 8, 5, 4]" />
            <level n="4" data="[1, 6, '3, 4, 8', 0, '*', 2, 8, 5, 4]" />
            <level n="5" data="['3, 4', 0, 7, 12, '*', 2, 8, 5, 4]" />
            <level n="6" data="[7, 12, '3, 4', 0, '*', 2, 8, 5, 4]" />
            <level n="7" data="['3, 4, 8', 0, 7, 12, '*', 2, 8, 5, 4]" />
            <level n="8" data="[7, 12, '3, 4, 8', 0, '*', 2, 8, 5, 4]" />

            <level n="9" data="['3, 4, 5, 8', 0, 1, 12, '*', 2, 8, 5, 4]" />
            <level n="10" data="[1, 12, '3, 4, 5, 8', 0, '*', 2, 8, 5, 4]" />
            <level n="11" data="['2, 3, 4, 5, 8', 0, 1, 12, '*', 2, 8, 5, 4]" />
            <level n="12" data="[1, 12, '2, 3, 4, 5, 8', 0, '*', 2, 8, 5, 4]" />
        </levels>
    </game>

    <game dbids="33, 37, 38, 41, 42, 305, 306, 307, 308" min_age="4" max_age="7" show_all="1">
        <chapters data="[1, 4, 8, 12]" />
        <levels count="12" games_per_level="10">
            <level n="1" data="['6, 7, 9', 0, 1, 6, '*', 2, 9, 5, 4]" />
            <level n="2" data="[1, 6, '6, 7, 9', 0, '*', 2, 9, 5, 4]" />
            <level n="3" data="['6, 7, 9, 11, 12', 0, 1, 6, '*', 2, 9, 5, 4]" />
            <level n="4" data="[1, 6, '6, 7, 9, 11, 12', 0, '*', 2, 9, 5, 4]" />
            <level n="5" data="['6, 7, 9', 0, 7, 12, '*', 2, 9, 5, 4]" />
            <level n="6" data="[7, 12, '6, 7, 9', 0, '*', 2, 9, 5, 4]" />
            <level n="7" data="['6, 7, 9, 11, 12', 0, 7, 12, '*', 2, 9, 5, 4]" />
            <level n="8" data="[7, 12, '6, 7, 9, 11, 12', 0, '*', 2, 9, 5, 4]" />
            <level n="9" data="[3, 9, 3, 12, '*', 2, 9, 5, 4]" />
            <level n="10" data="[3, 12, 3, 9, '*', 2, 9, 5, 4]" />
            <level n="11" data="[4, 12, 4, 12, '*', 2, 9, 5, 4]" />
            <level n="12" data="['4, 6, 7, 8, 9, 11, 12', 0, '4, 6, 7, 8, 9, 11, 12', 0, '*', 2, 9, 5, 4]" />
        </levels>
    </game>

    <!-- negative numbers -->
    <game dbids="262, 263, 264, 313, 314" min_age="4" max_age="7" show_all="1">
        <chapters data="[1, 4, 8, 10]" />
        <levels count="10" games_per_level="10">
            <level n="1" data="[-6, -2, 1, 6, '*', 2, 9, 5, 2]" />
            <level n="2" data="[-6, -2, 2, 9, '*', 2, 9, 5, 2]" />
            <level n="3" data="[-9, -2, 2, 9, '*', 2, 9, 5, 2]" />
            <level n="4" data="[2, 9, -6, -2, '*', 2, 9, 5, 2]" />
            <level n="5" data="[2, 9, -9, -2, '*', 2, 9, 5, 2]" />
            <level n="6" data="[-6, -2, -6, -2, '*', 2, 9, 5, 2]" />
            <level n="7" data="[-9, -2, -9, -2, '*', 2, 9, 5, 2]" />
            <level n="8" data="[-9, 9, -9, -2, '*', 2, 9, 5, 2]" />
            <level n="9" data="[-9, 9, -9, 9, '*', 2, 9, 5, 2]" />
            <level n="10" data="[-12, 12, -12, 12, '*', 2, 9, 5, 2]" />
        </levels>
    </game>

    <!-- division matching game (game060) -->
    <!-- data = [bottom_range1, top_range1, bottom_range2, top_range2, operator (division will be substituted in game), font_size, font_size for matching game, matching game horizontal count, vertical count] -->
    <!-- or alternatively: -->
    <!-- data = ['coma separated list of numbers', 0, 'coma separated list of numbers for the second number', 0, '*', font_size, font_size for matching game, matching game horizontal count, vertical count] -->
    <!-- or mix of both -->
    <!-- make sure the count of numbers in any range is at least equal to half of all squares (v_count * h_count / 2) to not run out of possibilities and freeze the game -->
    <game dbids="34" min_age="2" max_age="2" show_all="0">
        <chapters data="[1, 3, 6]" />
        <levels count="6" games_per_level="10">
            <level n="1" data="['1, 2, 5, 10', 0, 1, 6, '/', 2, 8, 4, 2]" />
            <level n="2" data="[1, 6, '1, 2, 5, 10', 0, '/', 2, 8, 4, 2]" />
            <level n="3" data="['1, 2, 5, 10', 0, 6, 12, '/', 2, 8, 4, 2]" />
            <level n="4" data="[7, 12, '1, 2, 5, 10', 0, '/', 2, 8, 4, 2]" />
            <level n="5" data="['1, 2, 5, 10', 0, 2, 12, '/', 2, 8, 4, 2]" />
            <level n="6" data="[2, 12, '1, 2, 5, 10', 0, '/', 2, 8, 4, 2]" />
        </levels>
    </game>

    <game dbids="34" min_age="3" max_age="3" show_all="0">
        <chapters data="[1, 4, 8]" />
        <levels count="8" games_per_level="10">
            <level n="1" data="['1, 2, 3, 4, 5', 0, 1, 6, '/', 2, 8, 5, 2]" />
            <level n="2" data="[1, 6, '1, 2, 3, 4, 5', 0, '/', 2, 8, 5, 2]" />
            <level n="3" data="['1, 2, 3, 4, 5', 0, 7, 12, '/', 2, 8, 5, 2]" />
            <level n="4" data="[7, 12, '1, 2, 3, 4, 5', 0, '/', 2, 8, 5, 2]" />
            <level n="5" data="['2, 3, 4, 5, 8', 0, 7, 12, '/', 2, 8, 5, 2]" />
            <level n="6" data="[7, 12, '2, 3, 4, 5, 8', 0, '/', 2, 8, 5, 2]" />
            <level n="7" data="['2, 3, 4, 5, 8', 0, 1, 12, '/', 2, 8, 5, 2]" />
            <level n="8" data="[1, 12, '2, 3, 4, 5, 8', 0, '/', 2, 8, 5, 2]" />
        </levels>
    </game>

    <game dbids="34" min_age="4" max_age="7" show_all="1">
        <chapters data="[1, 4, 8, 12]" />
        <levels count="12" games_per_level="10">
            <level n="1" data="['3, 4, 6, 7, 9', 0, 1, 6, '/', 2, 9, 5, 2]" />
            <level n="2" data="[1, 6, '3, 4, 6, 7, 9', 0, '/', 2, 9, 5, 2]" />
            <level n="3" data="['6, 7, 9, 11, 12', 0, 1, 6, '/', 2, 9, 5, 2]" />
            <level n="4" data="[1, 6, '6, 7, 9, 11, 12', 0, '/', 2, 9, 5, 2]" />
            <level n="5" data="['3, 4, 6, 7, 9', 0, 7, 12, '/', 2, 9, 5, 2]" />
            <level n="6" data="[7, 12, '3, 4, 6, 7, 9', 0, '/', 2, 9, 5, 2]" />
            <level n="7" data="['6, 7, 9, 11, 12', 0, 7, 12, '/', 2, 9, 5, 2]" />
            <level n="8" data="[7, 12, '6, 7, 9, 11, 12', 0, '/', 2, 9, 5, 2]" />
            <level n="9" data="[3, 9, 3, 12, '/', 2, 9, 5, 2]" />
            <level n="10" data="[3, 12, 3, 9, '/', 2, 9, 5, 2]" />
            <level n="11" data="[4, 12, 4, 12, '/', 2, 9, 5, 2]" />
            <level n="12" data="['4, 6, 7, 8, 9, 11, 12', 0, '4, 6, 7, 8, 9, 11, 12', 0, '/', 2, 9, 5, 2]" />
        </levels>
    </game>

    <!-- negative numbers -->
    <game dbids="265, 266, 267, 315, 316" min_age="4" max_age="7" show_all="1">
        <chapters data="[1, 4, 8, 10]" />
        <levels count="10" games_per_level="10">
            <level n="1" data="[-6, -2, 1, 6, '/', 2, 9, 5, 2]" />
            <level n="2" data="[-6, -2, 2, 9, '/', 2, 9, 5, 2]" />
            <level n="3" data="[-9, -2, 2, 9, '/', 2, 9, 5, 2]" />
            <level n="4" data="[2, 9, -6, -2, '/', 2, 9, 5, 2]" />
            <level n="5" data="[2, 9, -9, -2, '/', 2, 9, 5, 2]" />
            <level n="6" data="[-6, -2, -6, -2, '/', 2, 9, 5, 2]" />
            <level n="7" data="[-9, -2, -9, -2, '/', 2, 9, 5, 2]" />
            <level n="8" data="[-9, 9, -9, -2, '/', 2, 9, 5, 2]" />
            <level n="9" data="[-9, 9, -9, 9, '/', 2, 9, 5, 2]" />
            <level n="10" data="[-12, 12, -12, 12, '/', 2, 9, 5, 2]" />
        </levels>
    </game>

    <!-- plus or minus (game036) -->
    <!-- data = [horizontal_number_of_units, top_limit, number_count, font_size] -->
    <game dbids="26" min_age="0" max_age="0" show_all="0">
        <chapters data="[1, 3, 6]" />
        <levels count="6" games_per_level="5">
            <level n="1" data="[3, 4, 2, 10, 1]" />
            <level n="2" data="[3, 5, 2, 10, 1]" />
            <level n="3" data="[3, 7, 2, 10, 1]" />
            <level n="4" data="[3, 9, 2, 10, 1]" />
            <level n="5" data="[5, 3, 3, 20, 2]" />
            <level n="6" data="[5, 5, 3, 20, 2]" />
        </levels>
    </game>

    <game dbids="26" min_age="1" max_age="1" show_all="1">
        <chapters data="[1, 4, 8]" />
        <levels count="8" games_per_level="5">
            <level n="1" data="[3, 4, 2, 10, 2]" />
            <level n="2" data="[3, 5, 2, 10, 2]" />
            <level n="3" data="[3, 7, 2, 10, 2]" />
            <level n="4" data="[3, 9, 2, 10, 2]" />
            <level n="5" data="[5, 3, 3, 10, 2]" />
            <level n="6" data="[5, 5, 3, 20, 2]" />
            <level n="7" data="[5, 7, 3, 20, 2]" />
            <level n="8" data="[7, 3, 4, 20, 2]" />
        </levels>
    </game>

    <game dbids="26" min_age="2" max_age="2" show_all="0">
        <chapters data="[1, 3, 6, 9]" />
        <levels count="9" games_per_level="5">
            <level n="1" data="[3, 10, 2, 20, 2]" />
            <level n="2" data="[3, 20, 2, 30, 2]" />
            <level n="3" data="[3, 30, 2, 40, 2]" />
            <level n="4" data="[3, 40, 2, 50, 2]" />
            <level n="5" data="[5, 10, 3, 60, 2]" />
            <level n="6" data="[5, 20, 3, 70, 2]" />
            <level n="7" data="[5, 30, 3, 80, 2]" />
            <level n="8" data="[7, 40, 4, 90, 2]" />
            <level n="9" data="[7, 50, 4, 99, 2]" />
        </levels>
    </game>

    <game dbids="26" min_age="3" max_age="3" show_all="0">
        <chapters data="[1, 3, 6, 10]" />
        <levels count="10" games_per_level="5">
            <level n="1" data="[3, 60, 2, 120, 3]" />
            <level n="2" data="[3, 100, 2, 200, 3]" />
            <level n="3" data="[3, 250, 2, 500, 3]" />
            <level n="4" data="[3, 500, 2, 999, 3]" />
            <level n="5" data="[5, 60, 3, 180, 3]" />
            <level n="6" data="[5, 100, 3, 300, 3]" />
            <level n="7" data="[5, 250, 3, 750, 3]" />
            <level n="8" data="[7, 60, 4, 240, 3]" />
            <level n="9" data="[7, 99, 4, 400, 3]" />
            <level n="10" data="[9, 99, 5, 999, 3]" />
        </levels>
    </game>

    <game dbids="26" min_age="4" max_age="4" show_all="0">
        <chapters data="[1, 3, 6, 10]" />
        <levels count="10" games_per_level="5">
            <level n="1" data="[3, 250, 2, 500, 4]" />
            <level n="2" data="[3, 500, 2, 1000, 4]" />
            <level n="3" data="[3, 750, 2, 1500, 4]" />
            <level n="4" data="[3, 1000, 2, 2000, 4]" />
            <level n="5" data="[5, 1500, 3, 4500, 4]" />
            <level n="6" data="[5, 2000, 3, 6000, 4]" />
            <level n="7" data="[5, 2500, 3, 7500, 4]" />
            <level n="8" data="[7, 1500, 4, 6000, 4]" />
            <level n="9" data="[7, 2000, 4, 9999, 4]" />
            <level n="10" data="[9, 1500, 5, 9999, 4]" />
        </levels>
    </game>

    <game dbids="26" min_age="5" max_age="5" show_all="0">
        <chapters data="[1, 3, 6, 10]" />
        <levels count="10" games_per_level="5">
            <level n="1" data="[3, 2500, 2, 5000, 5]" />
            <level n="2" data="[3, 5000, 2, 10000, 5]" />
            <level n="3" data="[3, 7500, 2, 15000, 5]" />
            <level n="4" data="[3, 10000, 2, 20000, 5]" />
            <level n="5" data="[5, 15000, 3, 45000, 5]" />
            <level n="6" data="[5, 20000, 3, 60000, 5]" />
            <level n="7" data="[5, 25000, 3, 75000, 5]" />
            <level n="8" data="[7, 15000, 4, 60000, 5]" />
            <level n="9" data="[7, 20000, 4, 99999, 5]" />
            <level n="10" data="[9, 15000, 5, 99999, 5]" />
        </levels>
    </game>

    <!-- addition and subtraction comparison (game033) -->
    <!-- data = [horizontal_number_of_units, top_limit, number_count, font_size] -->
    <game dbids="46" min_age="0" max_age="0" show_all="0">
        <chapters data="[1, 3, 6]" />
        <levels count="6" games_per_level="5">
            <level n="1" data="[3, 4, 2, 10, 2]" />
            <level n="2" data="[3, 5, 2, 10, 2]" />
            <level n="3" data="[3, 7, 2, 10, 2]" />
            <level n="4" data="[3, 9, 2, 10, 2]" />
            <level n="5" data="[5, 3, 3, 20, 2]" />
            <level n="6" data="[5, 5, 3, 20, 2]" />
        </levels>
    </game>

    <game dbids="46" min_age="1" max_age="1" show_all="1">
        <chapters data="[1, 4, 8]" />
        <levels count="8" games_per_level="5">
            <level n="1" data="[3, 4, 2, 10, 4]" />
            <level n="2" data="[3, 5, 2, 10, 4]" />
            <level n="3" data="[3, 7, 2, 10, 4]" />
            <level n="4" data="[3, 9, 2, 10, 4]" />
            <level n="5" data="[5, 3, 3, 10, 4]" />
            <level n="6" data="[5, 5, 3, 20, 4]" />
            <level n="7" data="[5, 7, 3, 20, 4]" />
            <level n="8" data="[7, 3, 4, 20, 4]" />
        </levels>
    </game>

    <game dbids="46" min_age="2" max_age="2" show_all="0">
        <chapters data="[1, 3, 6, 9]" />
        <levels count="9" games_per_level="5">
            <level n="1" data="[3, 10, 2, 20, 5]" />
            <level n="2" data="[3, 20, 2, 30, 5]" />
            <level n="3" data="[3, 30, 2, 40, 5]" />
            <level n="4" data="[3, 40, 2, 50, 5]" />
            <level n="5" data="[5, 10, 3, 60, 5]" />
            <level n="6" data="[5, 20, 3, 70, 5]" />
            <level n="7" data="[5, 30, 3, 80, 5]" />
            <level n="8" data="[7, 40, 4, 90, 5]" />
            <level n="9" data="[7, 50, 4, 99, 5]" />
        </levels>
    </game>

    <game dbids="46" min_age="3" max_age="3" show_all="0">
        <chapters data="[1, 4, 8]" />
        <levels count="8" games_per_level="5">
            <level n="1" data="[3, 50, 2, 100, 7]" />
            <level n="2" data="[3, 99, 2, 200, 7]" />
            <level n="3" data="[5, 50, 3, 150, 7]" />
            <level n="4" data="[5, 99, 3, 300, 7]" />
            <level n="5" data="[7, 50, 4, 200, 7]" />
            <level n="6" data="[7, 99, 4, 400, 7]" />
            <level n="7" data="[9, 50, 5, 250, 7]" />
            <level n="8" data="[9, 99, 5, 500, 7]" />
        </levels>
    </game>

    <!-- Addition table game080 -->
    <!-- data = [] -->
    <game dbids="103" min_age="0" max_age="1" show_all="1">
        <chapters data="[1, 2, 4]" />
        <levels count="4" games_per_level="1">
            <level n="1" data="[6, 3]" />
            <level n="2" data="[9, 3]" />
            <level n="3" data="[9, 6]" />
            <level n="4" data="[9, 9]" />
        </levels>
    </game>

    <!-- columnar addition - DIY - game069 -->
    <game dbids="54, 55, 56, 57" min_age="3" max_age="3" show_all="0">
        <chapters data="[1, 2, 5]" />
        <levels count="5" games_per_level="10">
            <level n="1" data="[11, 49, 11, 50]" />
            <level n="2" data="[51, 150, 51, 150]" />
            <level n="3" data="[150, 250, 150, 250]" />
            <level n="4" data="[250, 500, 250, 500]" />
            <level n="5" data="[500, 750, 100, 250]" />
        </levels>
    </game>

    <game dbids="54, 55, 56, 57" min_age="4" max_age="4" show_all="1">
        <chapters data="[1, 2, 5]" />
        <levels count="5" games_per_level="10">
            <level n="1" data="[110, 490, 110, 500]" />
            <level n="2" data="[510, 1500, 510, 1500]" />
            <level n="3" data="[1500, 2500, 1500, 2500]" />
            <level n="4" data="[2500, 5000, 2500, 5000]" />
            <level n="5" data="[5000, 7500, 1000, 2500]" />
        </levels>
    </game>

    <game dbids="54, 55, 56, 57" min_age="5" max_age="5" show_all="0">
        <chapters data="[1, 2, 5]" />
        <levels count="5" games_per_level="7">
            <level n="1" data="[1100, 4900, 110, 5000]" />
            <level n="2" data="[5100, 15000, 510, 15000]" />
            <level n="3" data="[15000, 25000, 1500, 25000]" />
            <level n="4" data="[25000, 50000, 2500, 50000]" />
            <level n="5" data="[50000, 75000, 1000, 25000]" />
        </levels>
    </game>

    <game dbids="54, 55, 56, 57" min_age="6" max_age="6" show_all="0">
        <chapters data="[1, 2, 5]" />
        <levels count="5" games_per_level="7">
            <level n="1" data="[11000, 49000, 1100, 50000]" />
            <level n="2" data="[51000, 150000, 5100, 150000]" />
            <level n="3" data="[150000, 250000, 15000, 250000]" />
            <level n="4" data="[250000, 500000, 25000, 500000]" />
            <level n="5" data="[500000, 750000, 10000, 250000]" />
        </levels>
    </game>

    <!-- multiplication game (085) and division game (087) -->
    <!-- data = [n1 min, n1 max, n2 min, n2 max, shaw all 1-yes 0-no] -->
    <game dbids="143, 145" min_age="2" max_age="2" show_all="0">
        <chapters data="[1, 3, 6]" />
        <levels count="6" games_per_level="1">
            <level n="1" data="[2, 5, 2, 5, 1]" />
            <level n="2" data="[2, 5, 2, 5, 0]" />
            <level n="3" data="[5, 10, 2, 5, 1]" />
            <level n="4" data="[5, 10, 2, 5, 0]" />
            <level n="5" data="[2, 10, 2, 5, 1]" />
            <level n="6" data="[2, 10, 2, 5, 0]" />
        </levels>
    </game>

    <game dbids="143, 145" min_age="3" max_age="3" show_all="0">
        <chapters data="[1, 4, 8]" />
        <levels count="8" games_per_level="1">
            <level n="1" data="[2, 5, 2, 5, 1]" />
            <level n="2" data="[2, 5, 2, 5, 0]" />
            <level n="3" data="[5, 10, 2, 5, 1]" />
            <level n="4" data="[5, 10, 2, 5, 0]" />
            <level n="5" data="[5, 10, 5, 10, 1]" />
            <level n="6" data="[5, 10, 5, 10, 0]" />
            <level n="7" data="[2, 10, 2, 10, 1]" />
            <level n="8" data="[2, 10, 2, 10, 0]" />
        </levels>
    </game>

    <game dbids="143, 145" min_age="4" max_age="4" show_all="1">
        <chapters data="[1, 3, 6, 9, 12]" />
        <levels count="12" games_per_level="1">
            <level n="1" data="[2, 5, 2, 5, 1]" />
            <level n="2" data="[2, 5, 2, 5, 0]" />
            <level n="3" data="[5, 10, 2, 5, 1]" />
            <level n="4" data="[5, 10, 2, 5, 0]" />
            <level n="5" data="[5, 10, 5, 10, 1]" />
            <level n="6" data="[5, 10, 5, 10, 0]" />
            <level n="7" data="[2, 10, 2, 10, 1]" />
            <level n="8" data="[2, 10, 2, 10, 0]" />
            <level n="9" data="[2, 12, 10, 12, 1]" />
            <level n="10" data="[2, 12, 10, 12, 0]" />
            <level n="11" data="[2, 12, 2, 12, 1]" />
            <level n="12" data="[2, 12, 2, 12, 0]" />
        </levels>
    </game>

    <!-- multiplication table game031 -->
    <!-- data = [min number, max number] -->
    <game dbids="144" min_age="2" max_age="3" show_all="0">
        <chapters data="[1, 3, 7]" />
        <levels count="7" games_per_level="1">
            <level n="1" data="[3, 9]" />
            <level n="2" data="[4, 9]" />
            <level n="3" data="[5, 9]" />
            <level n="4" data="[6, 9]" />
            <level n="5" data="[7, 9]" />
            <level n="6" data="[8, 9]" />
            <level n="7" data="[9, 9]" />
        </levels>
    </game>

    <game dbids="144" min_age="4" max_age="7" show_all="1">
        <chapters data="[1, 3, 6, 10]" />
        <levels count="10" games_per_level="1">
            <level n="1" data="[3, 12]" />
            <level n="2" data="[4, 12]" />
            <level n="3" data="[5, 12]" />
            <level n="4" data="[6, 12]" />
            <level n="5" data="[7, 12]" />
            <level n="6" data="[8, 12]" />
            <level n="7" data="[9, 12]" />
            <level n="8" data="[10, 12]" />
            <level n="9" data="[11, 12]" />
            <level n="10" data="[12, 12]" />
        </levels>
    </game>

    <game dbids="30" min_age="2" max_age="3" show_all="0">
        <chapters data="[1, 3, 6]" />
        <levels count="6" games_per_level="1">
            <level n="1" data="[5, 5]" />
            <level n="2" data="[6, 6]" />
            <level n="3" data="[7, 7]" />
            <level n="4" data="[8, 8]" />
            <level n="5" data="[9, 9]" />
            <level n="6" data="[10, 10]" />
        </levels>
    </game>

    <game dbids="30" min_age="4" max_age="7" show_all="1">
        <chapters data="[1, 3, 7]" />
        <levels count="7" games_per_level="1">
            <level n="1" data="[6, 6]" />
            <level n="2" data="[7, 7]" />
            <level n="3" data="[8, 8]" />
            <level n="4" data="[9, 9]" />
            <level n="5" data="[10, 10]" />
            <level n="6" data="[11, 11]" />
            <level n="7" data="[12, 12]" />
        </levels>
    </game>

    <!-- long multiplication - game071 and game075-->
    <!-- data = [n1 min, n1 max, n2 min, n2 max] -->
    <game dbids="58, 59" min_age="4" max_age="4" show_all="0">
        <chapters data="[1, 5]" />
        <levels count="5" games_per_level="10">
            <level n="1" data="[11, 25, 11, 49]" />
            <level n="2" data="[11, 50, 11, 99]" />
            <level n="3" data="[51, 99, 11, 99]" />
            <level n="4" data="[99, 500, 11, 99]" />
            <level n="5" data="[111, 999, 11, 99]" />
        </levels>
    </game>

    <game dbids="58, 59" min_age="5" max_age="5" show_all="1">
        <chapters data="[1, 5]" />
        <levels count="5" games_per_level="10">
            <level n="1" data="[111, 999, 11, 99]" />
            <level n="2" data="[999, 2500, 11, 99]" />
            <level n="3" data="[2500, 5000, 11, 99]" />
            <level n="4" data="[5000, 7500, 11, 99]" />
            <level n="5" data="[7500, 9999, 11, 99]" />
        </levels>
    </game>

    <game dbids="58, 59" min_age="6" max_age="6" show_all="0">
        <chapters data="[1, 5, 10]" />
        <levels count="10" games_per_level="10">
            <level n="1" data="[111, 999, 11, 99]" />
            <level n="2" data="[999, 2500, 11, 99]" />
            <level n="3" data="[2500, 5000, 11, 99]" />
            <level n="4" data="[5000, 7500, 11, 99]" />
            <level n="5" data="[7500, 9999, 11, 99]" />
            <level n="6" data="[111, 999, 111, 999]" />
            <level n="7" data="[999, 2500, 111, 999]" />
            <level n="8" data="[2500, 5000, 111, 999]" />
            <level n="9" data="[5000, 7500, 111, 999]" />
            <level n="10" data="[7500, 9999, 111, 999]" />
        </levels>
    </game>

    <!-- long division - game072 and game076 -->
    <!-- data = [n1 min, n1 max, n2 min, n2 max] -->
    <game dbids="60, 61" min_age="4" max_age="5" show_all="1">
        <chapters data="[1, 5]" />
        <levels count="5" games_per_level="10">
            <level n="1" data="[3, 9, 11, 49]" />
            <level n="2" data="[3, 9, 11, 99]" />
            <level n="3" data="[3, 9, 111, 450]" />
            <level n="4" data="[3, 9, 111, 750]" />
            <level n="5" data="[3, 9, 111, 999]" />
        </levels>
    </game>

    <game dbids="60, 61" min_age="6" max_age="6" show_all="0">
        <chapters data="[1, 5]" />
        <levels count="5" games_per_level="10">
            <level n="1" data="[11, 99, 11, 29]" />
            <level n="2" data="[11, 99, 11, 39]" />
            <level n="3" data="[11, 99, 11, 60]" />
            <level n="4" data="[11, 99, 11, 75]" />
            <level n="5" data="[11, 99, 11, 99]" />
        </levels>
    </game>

    <!-- game101 - match frections & game102 - frections with text, 243, 244, 268 - equivalent fractions -->
    <game dbids="241, 242" min_age="1" max_age="2" show_all="0">
        <chapters data="[1, 4]" />
        <levels count="4" games_per_level="5">
            <level n="1" data="[2, 4]" />
            <level n="2" data="[2, 5]" />
            <level n="3" data="[3, 5]" />
            <level n="4" data="[3, 6]" />
        </levels>
    </game>

    <game dbids="241, 242, 243, 244" min_age="3" max_age="7" show_all="1">
        <chapters data="[1, 7]" />
        <levels count="7" games_per_level="10">
            <level n="1" data="[2, 6]" />
            <level n="2" data="[3, 7]" />
            <level n="3" data="[4, 8]" />
            <level n="4" data="[4, 9]" />
            <level n="5" data="[5, 10]" />
            <level n="6" data="[5, 11]" />
            <level n="7" data="[5, 12]" />
        </levels>
    </game>

    <!-- game 268 269 - equivalent fractions -->
    <game dbids="268, 269, 270" min_age="3" max_age="7" show_all="1">
        <chapters data="[1, 7]" />
        <levels count="7" games_per_level="10">
            <level n="1" data="[2, 7]" />
            <level n="2" data="[3, 8]" />
            <level n="3" data="[4, 9]" />
            <level n="4" data="[5, 9]" />
            <level n="5" data="[6, 10]" />
            <level n="6" data="[6, 11]" />
            <level n="7" data="[6, 12]" />
        </levels>
    </game>

    <!-- game101 - match decimal frections -->
    <game dbids="245" min_age="4" max_age="7" show_all="1">
        <chapters data="[1, 3]" />
        <levels count="3" games_per_level="10">
            <level n="1" data="[1]" />
            <level n="2" data="[2]" />
            <level n="3" data="[3]" />
        </levels>
    </game>

    <!-- game101 - match percentages -->
    <game dbids="246" min_age="5" max_age="7" show_all="1">
        <chapters data="[1, 3]" />
        <levels count="5" games_per_level="10">
            <level n="1" data="[25, 0, 100]" />
            <level n="2" data="[20, 0, 100]" />
            <level n="3" data="[10, 10, 90]" />
            <level n="4" data="[5, 5, 95]" />
            <level n="5" data="[1, 5, 95]" />
        </levels>
    </game>

    <!-- game101, 102 - match ratios -->
    <game dbids="247, 248" min_age="5" max_age="7" show_all="1">
        <chapters data="[1, 3]" />
        <levels count="5" games_per_level="10">
            <level n="1" data="[2, 1, 5]" />
            <level n="2" data="[2, 2, 7]" />
            <level n="3" data="[3, 1, 3]" />
            <level n="4" data="[3, 2, 5]" />
            <level n="5" data="[3, 3, 7]" />
        </levels>
    </game>

    <!-- fraction groups - game056 -->
    <!-- data = [range of denominators or min denominator, 0 for a range or max denominator, min numerator, number of rows (max 5)] -->
    <!-- make sure there is at least as many different combinations as there is rows, ie. 1/2, 1/4. 2/4, 3/4 is not enough if number of rows is 5 -->
    <game dbids="49, 50, 51" min_age="1" max_age="1" show_all="0">
        <chapters data="[1, 3]" />
        <levels count="3" games_per_level="5">
            <level n="1" data="['2, 4', 0, 1, 2]" />
            <level n="2" data="['2, 4', 0, 1, 3]" />
            <level n="3" data="['2, 3, 4', 0, 1, 4]" />
        </levels>
    </game>

    <game dbids="49, 50, 51" min_age="2" max_age="2" show_all="0">
        <chapters data="[1, 4]" />
        <levels count="4" games_per_level="5">
            <level n="1" data="[2, 4, 1, 2]" />
            <level n="2" data="[2, 4, 1, 3]" />
            <level n="3" data="[2, 4, 1, 4]" />
            <level n="4" data="[2, 4, 1, 5]" />
        </levels>
    </game>

    <game dbids="49, 50, 51" min_age="3" max_age="3" show_all="0">
        <chapters data="[1, 3, 6]" />
        <levels count="6" games_per_level="5">
            <level n="1" data="[2, 5, 1, 3]" />
            <level n="2" data="[3, 6, 2, 4]" />
            <level n="3" data="[3, 7, 2, 5]" />
            <level n="4" data="[3, 8, 2, 5]" />
            <level n="5" data="[3, 9, 2, 5]" />
            <level n="6" data="[3, 10, 2, 5]" />
        </levels>
    </game>

    <game dbids="49, 50, 51" min_age="4" max_age="7" show_all="1">
        <chapters data="[1, 3, 6]" />
        <levels count="6" games_per_level="5">
            <level n="1" data="[3, 5, 1, 3]" />
            <level n="2" data="[3, 6, 2, 4]" />
            <level n="3" data="[3, 7, 2, 5]" />
            <level n="4" data="[4, 8, 3, 5]" />
            <level n="5" data="[4, 9, 3, 5]" />
            <level n="6" data="[4, 10, 3, 5]" />
        </levels>
    </game>

    <!-- ratios - game056 -->
    <!-- data = [n1 min, n1 max, n2 min, n2 max] -->
    <game dbids="53" min_age="6" max_age="7" show_all="1">
        <chapters data="[1, 3, 7]" />
        <levels count="7" games_per_level="5">
            <level n="1" data="[2, 4, 1, 3]" />
            <level n="2" data="[2, 5, 1, 4]" />
            <level n="3" data="[2, 6, 1, 5]" />
            <level n="4" data="[2, 7, 1, 5]" />
            <level n="5" data="[2, 8, 1, 5]" />
            <level n="6" data="[2, 9, 1, 5]" />
            <level n="7" data="[2, 10, 1, 5]" />
        </levels>
    </game>

    <!-- percentages - game056 -->
    <!-- data = [n1 min, n1 max, n2 min, n2 max] -->
    <game dbids="52" min_age="5" max_age="6" show_all="1">
        <chapters data="[1, 4]" />
        <levels count="4" games_per_level="5">
            <level n="1" data="['2, 4', 0, 1, 3]" />
            <level n="2" data="['2, 4, 5', 0, 1, 4]" />
            <level n="3" data="['2, 4, 5, 8', 0, 1, 4]" />
            <level n="4" data="['2, 4, 5, 8, 10', 0, 1, 5]" />
        </levels>
    </game>

    <!-- fraction comparison - game026 -->
    <!-- data = [max denominator] -->
    <game dbids="47" min_age="1" max_age="1" show_all="0">
        <chapters data="[1, 2]" />
        <levels count="2" games_per_level="15">
            <level n="1" data="[3]" />
            <level n="2" data="[4]" />
        </levels>
    </game>

    <game dbids="47" min_age="2" max_age="2" show_all="0">
        <chapters data="[1, 6]" />
        <levels count="6" games_per_level="15">
            <level n="1" data="[3]" />
            <level n="2" data="[4]" />
            <level n="3" data="[5]" />
            <level n="4" data="[6]" />
            <level n="5" data="[7]" />
            <level n="6" data="[8]" />
        </levels>
    </game>

    <game dbids="47" min_age="3" max_age="7" show_all="1">
        <chapters data="[1, 8]" />
        <levels count="8" games_per_level="15">
            <level n="1" data="[3]" />
            <level n="2" data="[4]" />
            <level n="3" data="[5]" />
            <level n="4" data="[6]" />
            <level n="5" data="[7]" />
            <level n="6" data="[8]" />
            <level n="7" data="[9]" />
            <level n="8" data="[10]" />
        </levels>
    </game>

    <!-- fraction and decimal fractions - comparison - game020 -->
    <!-- data = [max denominator] -->
    <game dbids="48" min_age="4" max_age="7" show_all="1">
        <chapters data="[1, 7]" />
        <levels count="7" games_per_level="15">
            <level n="1" data="[4]" />
            <level n="2" data="[5]" />
            <level n="3" data="[6]" />
            <level n="4" data="[7]" />
            <level n="5" data="[8]" />
            <level n="6" data="[9]" />
            <level n="7" data="[10]" />
        </levels>
    </game>

    <!-- shape maker - game059 -->
    <!-- data = [grid density - 2 -> 4 x 4, 1 -> 2 x 2] -->
    <game dbids="64" min_age="0" max_age="2" show_all="0">
        <chapters data="[1, 1]" />
        <levels count="1" games_per_level="1">
            <level n="1" data="[1]" />
        </levels>
    </game>

    <game dbids="64" min_age="3" max_age="7" show_all="1">
        <chapters data="[1, 1]" />
        <levels count="1" games_per_level="1">
            <level n="1" data="[2]" />
        </levels>
    </game>

    <!-- shape maker - test yourself - game024 -->
    <!-- data = [grid density - 2 -> 4 x 4 or 1 -> 2 x 2, list of available shapes] -->
    <!-- 0:"quadrilateral", 1:"trapezium", 2:"parallelogram", 3:"rhombus", 4:"square", 5:"rectangle", 6:"right_trapezium",
    7:"iso_trapezium", 8:"u_trapezium", 9:"spare_slot", 10:"triangle", 11:"right_iso_tria", 12:"right_tria", 13:"equi_tria",
    14:"acute_iso_tria", 15:"acute_tria", 16:"obtuse_iso_tria", 17:"obtuse_tria", 18:"circle" -->
    <game dbids="65" min_age="0" max_age="0" show_all="0">
        <chapters data="[1, 2]" />
        <levels count="2" games_per_level="10">
            <level n="1" data="[1, False, 4, 5, 10, 18]" />
            <level n="2" data="[1, False, 2, 4, 5, 10, 18]" />
        </levels>
    </game>

    <game dbids="65" min_age="1" max_age="1" show_all="0">
        <chapters data="[1, 2]" />
        <levels count="2" games_per_level="10">
            <level n="1" data="[1, False, 2, 4, 5, 6, 10, 18]" />
            <level n="2" data="[1, False, 2, 4, 5, 6, 7, 8, 10, 11, 12, 18]" />
        </levels>
    </game>

    <game dbids="65" min_age="2" max_age="2" show_all="0">
        <chapters data="[1, 2]" />
        <levels count="2" games_per_level="10">
            <level n="1" data="[1, False, 2, 4, 5, 6, 7, 8, 10, 11, 12, 14, 15, 16, 17, 18]" />
            <level n="2" data="[1, True, 2, 4, 5, 6, 7, 10, 11, 12, 14, 15, 17, 18]" />
        </levels>
    </game>

    <game dbids="65" min_age="3" max_age="7" show_all="1">
        <chapters data="[1, 2]" />
        <levels count="2" games_per_level="15">
            <level n="1" data="[2, False, 2, 3, 4, 5, 6, 7, 8, 10, 11, 12, 14, 15, 16, 17, 18]" />
            <level n="2" data="[2, True, 2, 4, 5, 6, 7, 10, 11, 12, 14, 15, 17, 18]" />
        </levels>
    </game>

    <!-- pattern games - game025 -->
    <!-- data = [term_len_min, term_len_max, term_count_min, term_count_max, term_completed_count, semi_completed_count, shuffled] -->
    <!-- minimum length of a single pattern term, maximum length of the term, minimum number of repeats, maximum number of repeats, number of fully completed terms, number of partially completed terms, shuffle - if True the completed sequences will not necessarily be at the begining of the chain. -->
    <game dbids="208, 209, 210, 211, 212, 213, 275" min_age="0" max_age="1" show_all="0">
        <chapters data="[1, 3, 6, 9, 12, 15, 18, 22]" />
        <levels count="22" games_per_level="5">
            <level n="1" data="[2, 2, 4, 4, 3, 0, False]" />
            <level n="2" data="[2, 2, 4, 4, 3, 0, True]" />
            <level n="3" data="[2, 2, 5, 5, 2, 2, False]" />
            <level n="4" data="[2, 2, 5, 5, 2, 2, True]" />
            <level n="5" data="[2, 2, 5, 5, 1, 2, False]" />
            <level n="6" data="[2, 2, 5, 5, 1, 2, True]" />
            <level n="7" data="[2, 2, 5, 5, 0, 3, False]" />
            <level n="8" data="[2, 2, 5, 5, 0, 3, True]" />
            <level n="9" data="[3, 3, 4, 4, 3, 0, False]" />
            <level n="10" data="[3, 3, 4, 4, 3, 0, True]" />
            <level n="11" data="[3, 3, 4, 4, 2, 2, False]" />
            <level n="12" data="[3, 3, 4, 4, 2, 2, True]" />
            <level n="13" data="[3, 3, 4, 4, 1, 2, False]" />
            <level n="14" data="[3, 3, 4, 4, 1, 2, True]" />
            <level n="15" data="[3, 3, 5, 5, 0, 3, False]" />
            <level n="16" data="[3, 3, 5, 5, 0, 3, True]" />
            <level n="17" data="[4, 4, 4, 4, 2, 2, False]" />
            <level n="18" data="[4, 4, 4, 4, 2, 2, True]" />
            <level n="19" data="[4, 4, 4, 4, 1, 3, False]" />
            <level n="20" data="[4, 4, 4, 4, 1, 3, True]" />
            <level n="21" data="[4, 4, 4, 4, 1, 2, False]" />
            <level n="22" data="[4, 4, 4, 4, 1, 2, True]" />
         </levels>
    </game>

    <game dbids="208, 209, 210, 211, 212, 213, 275" min_age="2" max_age="3" show_all="1">
        <chapters data="[1, 3, 6, 9, 12, 15, 18]" />
        <levels count="18" games_per_level="5">
            <level n="1" data="[2, 2, 5, 5, 1, 2, False]" />
            <level n="2" data="[2, 2, 5, 5, 1, 2, True]" />
            <level n="3" data="[2, 2, 5, 5, 0, 3, False]" />
            <level n="4" data="[2, 2, 5, 5, 0, 3, True]" />
            <level n="5" data="[3, 3, 4, 4, 2, 0, False]" />
            <level n="6" data="[3, 3, 4, 4, 2, 0, True]" />
            <level n="7" data="[3, 3, 4, 4, 1, 2, False]" />
            <level n="8" data="[3, 3, 4, 4, 1, 2, True]" />
            <level n="9" data="[3, 3, 5, 5, 0, 3, False]" />
            <level n="10" data="[3, 3, 5, 5, 0, 3, True]" />
            <level n="11" data="[4, 4, 4, 4, 2, 2, False]" />
            <level n="12" data="[4, 4, 4, 4, 2, 2, True]" />
            <level n="13" data="[4, 4, 4, 4, 1, 3, False]" />
            <level n="14" data="[4, 4, 4, 4, 1, 3, True]" />
            <level n="15" data="[4, 4, 4, 4, 1, 2, False]" />
            <level n="16" data="[4, 4, 4, 4, 1, 2, True]" />
            <level n="17" data="[4, 4, 4, 4, 0, 3, False]" />
            <level n="18" data="[4, 4, 4, 4, 0, 3, True]" />
         </levels>
    </game>

    <game dbids="208, 209, 210, 211, 212, 213, 275" min_age="4" max_age="7" show_all="0">
        <chapters data="[1, 3, 6, 10, 12, 16]" />
        <levels count="16" games_per_level="7">
            <level n="1" data="[3, 3, 4, 5, 1, 2, False]" />
            <level n="2" data="[3, 3, 4, 5, 1, 2, True]" />
            <level n="3" data="[3, 3, 4, 5, 0, 3, False]" />
            <level n="4" data="[3, 3, 4, 5, 0, 3, True]" />
            <level n="5" data="[4, 4, 3, 4, 1, 2, False]" />
            <level n="6" data="[4, 4, 3, 4, 1, 2, True]" />
            <level n="7" data="[4, 4, 3, 4, 0, 3, False]" />
            <level n="8" data="[4, 4, 3, 4, 0, 3, True]" />
            <level n="9" data="[4, 4, 3, 4, 0, 2, False]" />
            <level n="10" data="[4, 4, 3, 4, 0, 2, True]" />
            <level n="11" data="[5, 5, 3, 3, 1, 2, False]" />
            <level n="12" data="[5, 5, 3, 3, 1, 2, True]" />
            <level n="13" data="[5, 5, 3, 3, 0, 3, False]" />
            <level n="14" data="[5, 5, 3, 3, 0, 3, True]" />
            <level n="15" data="[5, 5, 3, 3, 0, 2, False]" />
            <level n="16" data="[5, 5, 3, 3, 0, 2, True]" />
         </levels>
    </game>

    <game dbids="237" min_age="0" max_age="7" show_all="1">
        <chapters data="[1]" />
        <levels count="1" games_per_level="1">
            <level n="1" data="[0]" />
         </levels>
    </game>

    <!-- symmetry game
    width, height, number of corners, direction 0 - 3, half - if true shapes don't cross the symmetry line -->
    <game dbids="238, 239" min_age="2" max_age="3" show_all="0">
        <chapters data="[1]" />
        <levels count="6" games_per_level="10">
            <level n="1" data="[18, 14, 3, 0, True]" />
            <level n="2" data="[18, 14, 3, 1, True]" />
            <level n="3" data="[18, 14, 4, 0, True]" />
            <level n="4" data="[18, 14, 4, 1, True]" />
            <level n="5" data="[18, 14, 5, 0, True]" />
            <level n="6" data="[18, 14, 5, 1, True]" />
         </levels>
    </game>

    <game dbids="238, 239" min_age="4" max_age="4" show_all="0">
        <chapters data="[1]" />
        <levels count="12" games_per_level="10">
            <level n="1" data="[18, 14, 3, 0, True]" />
            <level n="2" data="[18, 14, 3, 1, True]" />
            <level n="3" data="[18, 14, 3, 2, True]" />
            <level n="4" data="[18, 14, 3, 3, True]" />
            <level n="5" data="[18, 14, 4, 0, True]" />
            <level n="6" data="[18, 14, 4, 1, True]" />
            <level n="7" data="[18, 14, 4, 2, True]" />
            <level n="8" data="[18, 14, 4, 3, True]" />
            <level n="9" data="[18, 14, 5, 0, True]" />
            <level n="10" data="[18, 14, 5, 1, True]" />
            <level n="11" data="[18, 14, 5, 2, True]" />
            <level n="12" data="[18, 14, 5, 3, True]" />
         </levels>
    </game>

    <game dbids="238, 239" min_age="5" max_age="6" show_all="0">
        <chapters data="[1]" />
        <levels count="12" games_per_level="10">
            <level n="1" data="[18, 14, 3, 0, True]" />
            <level n="2" data="[18, 14, 3, 1, True]" />
            <level n="3" data="[18, 14, 3, 2, True]" />
            <level n="4" data="[18, 14, 3, 3, True]" />
            <level n="5" data="[18, 14, 4, 0, False]" />0
            <level n="6" data="[18, 14, 4, 1, False]" />
            <level n="7" data="[18, 14, 4, 2, False]" />
            <level n="8" data="[18, 14, 4, 3, False]" />
            <level n="9" data="[18, 14, 5, 0, False]" />
            <level n="10" data="[18, 14, 5, 1, False]" />
            <level n="11" data="[18, 14, 5, 2, False]" />
            <level n="12" data="[18, 14, 5, 3, False]" />
         </levels>
    </game>

    <game dbids="238, 239" min_age="7" max_age="7" show_all="1">
        <chapters data="[1]" />
        <levels count="8" games_per_level="10">
            <level n="1" data="[18, 14, 0, 0, True]" />
            <level n="2" data="[18, 14, 0, 0, True]" />
            <level n="3" data="[18, 14, 0, 0, True]" />
            <level n="4" data="[18, 14, 0, 0, True]" />
            <level n="5" data="[18, 14, 0, 0, False]" />
            <level n="6" data="[18, 14, 0, 0, False]" />
            <level n="7" data="[18, 14, 0, 0, False]" />
            <level n="8" data="[18, 14, 0, 0, False]" />
         </levels>
    </game>

    <!-- Lines of symmetry -->
    <game dbids="240" min_age="2" max_age="7" show_all="1">
        <chapters data="[1]" />
        <levels count="10" games_per_level="15">
            <level n="1" data="[14, 14, 1, 0, 1]" />
            <level n="2" data="[14, 14, 1, 0, 2]" />
            <level n="3" data="[14, 14, 1, 0, 0]" />
            <level n="4" data="[14, 14, 2, 0, 1]" />
            <level n="5" data="[14, 14, 2, 0, 2]" />
            <level n="6" data="[14, 14, 2, 0, 0]" />
            <level n="7" data="[14, 14, 3, 0, 1]" />
            <level n="8" data="[14, 14, 3, 0, 2]" />
            <level n="9" data="[14, 14, 3, 0, 0]" />
            <level n="10" data="[14, 14, 0, 0, 0]" />
         </levels>
    </game>

    <!-- Time difference games - 107
    [0 - h1_range_start, 1 - h1_range_end, 2 - h2_range_start_from_h1 [0 - no, 1 - yes, 2 - h2 = h1, 3 - h2 = h1 + 1], 3 - h2_range_start,
     4 - h2_range_end, 5 - m1_range_start, 6 - m1_range_end, 7 - m2_range_start_from_m1 [0 - no, 1 - yes, 2 - all set to 0, 3 - m2 < m1],
     8 - m2_range_start, 9 - m2_range_end, 10 - minute range step (ie. 1, 5, 15, etc) 11 - show_24, 12 - show_numbers_on_diff]
    -->
    <game dbids="253, 254" min_age="0" max_age="7" show_all="1">
        <chapters data="[1, 4, 8, 12, 16, 21]" />
        <levels count="21" games_per_level="10">
            <level n="1" data="[1, 11, 1, 0, 12, 0, 0, 2, 0, 0, 5, False, True, True]" />
            <level n="2" data="[1, 11, 1, 0, 12, 0, 0, 2, 0, 0, 5, False, False, True]" />
            <level n="3" data="[6, 12, 0, 1, 5, 0, 0, 2, 0, 0, 5, False, True, True]" />
            <level n="4" data="[6, 12, 0, 1, 5, 0, 0, 2, 0, 0, 5, False, False, True]" />
            <level n="5" data="[1, 12, 2, 0, 0, 0, 51, 1, 5, 56, 5, False, True, True]" />
            <level n="6" data="[1, 12, 2, 0, 0, 0, 51, 1, 5, 56, 5, False, False, True]" />
            <level n="7" data="[1, 12, 2, 0, 0, 0, 58, 1, 1, 59, 1, False, True, True]" />
            <level n="8" data="[1, 12, 2, 0, 0, 0, 58, 1, 1, 59, 1, False, False, True]" />
            <level n="9" data="[1, 11, 1, 0, 12, 0, 51, 1, 0, 56, 5, False, True, True]" />
            <level n="10" data="[1, 11, 1, 0, 12, 0, 51, 1, 0, 56, 5, False, False, True]" />
            <level n="11" data="[1, 11, 1, 0, 12, 0, 58, 1, 1, 59, 1, False, True, True]" />
            <level n="12" data="[1, 11, 1, 0, 12, 0, 58, 1, 1, 59, 1, False, False, True]" />
            <level n="13" data="[1, 11, 3, 0, 0, 10, 55, 3, 5, 0, 5, False, True, True]" />
            <level n="14" data="[1, 11, 3, 0, 0, 10, 55, 3, 5, 0, 5, False, False, True]" />
            <level n="15" data="[1, 11, 3, 0, 0, 2, 59, 3, 1, 0, 1, False, True, True]" />
            <level n="16" data="[1, 11, 3, 0, 0, 2, 59, 3, 1, 0, 1, False, False, True]" />
            <level n="17" data="[1, 11, 0, 1, 12, 2, 59, 3, 1, 0, 1, False, True, True]" />
            <level n="18" data="[1, 11, 0, 1, 12, 2, 59, 3, 1, 0, 1, False, False, True]" />
            <level n="19" data="[1, 12, 0, 1, 12, 0, 59, 0, 0, 59, 1, False, False, True]" />
            <level n="20" data="[0, 12, 0, 13, 23, 0, 59, 0, 0, 59, 1, True, False, True]" />
            <level n="21" data="[0, 23, 0, 3, 23, 0, 59, 0, 0, 59, 1, True, False, True]" />
         </levels>
    </game>

    <game dbids="255, 256" min_age="0" max_age="7" show_all="1">
        <chapters data="[1, 4, 8, 12, 16, 20]" />
        <levels count="20" games_per_level="10">
            <level n="1" data="[1, 11, 1, 0, 12, 0, 0, 2, 0, 0, 5, False, True, True]" />
            <level n="2" data="[1, 11, 1, 0, 12, 0, 0, 2, 0, 0, 5, False, False, True]" />
            <level n="3" data="[6, 12, 0, 1, 5, 0, 0, 2, 0, 0, 5, False, True, True]" />
            <level n="4" data="[6, 12, 0, 1, 5, 0, 0, 2, 0, 0, 5, False, False, True]" />
            <level n="5" data="[1, 12, 2, 0, 0, 0, 51, 1, 5, 56, 5, False, True, True]" />
            <level n="6" data="[1, 12, 2, 0, 0, 0, 51, 1, 5, 56, 5, False, False, True]" />
            <level n="7" data="[1, 12, 2, 0, 0, 0, 58, 1, 1, 59, 1, False, True, True]" />
            <level n="8" data="[1, 12, 2, 0, 0, 0, 58, 1, 1, 59, 1, False, False, True]" />
            <level n="9" data="[1, 11, 3, 0, 0, 10, 55, 3, 5, 0, 5, False, True, True]" />
            <level n="10" data="[1, 11, 3, 0, 0, 10, 55, 3, 5, 0, 5, False, False, True]" />
            <level n="11" data="[1, 11, 3, 0, 0, 2, 59, 3, 1, 0, 1, False, True, True]" />
            <level n="12" data="[1, 11, 3, 0, 0, 2, 59, 3, 1, 0, 1, False, False, True]" />
            <level n="13" data="[1, 11, 0, 1, 12, 2, 59, 3, 1, 0, 1, False, True, True]" />
            <level n="14" data="[1, 11, 0, 1, 12, 2, 59, 3, 1, 0, 1, False, False, True]" />
            <level n="15" data="[1, 11, 1, 0, 12, 0, 51, 1, 0, 56, 5, False, True, True]" />
            <level n="16" data="[1, 11, 1, 0, 12, 0, 51, 1, 0, 56, 5, False, False, True]" />
            <level n="17" data="[1, 11, 1, 0, 12, 0, 58, 1, 1, 59, 1, False, False, True]" />
            <level n="18" data="[1, 12, 0, 1, 12, 0, 59, 0, 0, 59, 1, False, False, True]" />
            <level n="19" data="[1, 12, 0, 1, 12, 0, 59, 0, 0, 59, 1, True, False, True]" />
            <level n="20" data="[0, 23, 0, 3, 23, 0, 59, 0, 0, 59, 1, True, False, True]" />
         </levels>
    </game>

    <game dbids="257" min_age="0" max_age="7" show_all="1">
        <chapters data="[1, 4, 8, 12]" />
        <levels count="12" games_per_level="10">
            <level n="1" data="[1, 11, 1, 0, 12, 0, 0, 2, 0, 0, 5, False, False, False]" />
            <level n="2" data="[6, 12, 0, 1, 5, 0, 0, 2, 0, 0, 5, False, False, False]" />
            <level n="3" data="[1, 12, 2, 0, 0, 0, 51, 1, 5, 56, 5, False, False, False]" />
            <level n="4" data="[1, 12, 2, 0, 0, 0, 58, 1, 1, 59, 1, False, False, False]" />
            <level n="5" data="[1, 11, 3, 0, 0, 10, 55, 3, 5, 0, 5, False, False, False]" />
            <level n="6" data="[1, 11, 3, 0, 0, 2, 59, 3, 1, 0, 1, False, False, False]" />
            <level n="7" data="[1, 11, 0, 1, 12, 2, 59, 3, 1, 0, 1, False, False, False]" />
            <level n="8" data="[1, 11, 1, 0, 12, 0, 51, 1, 0, 56, 5, False, False, False]" />
            <level n="9" data="[1, 11, 1, 0, 12, 0, 58, 1, 1, 59, 1, False, False, False]" />
            <level n="10" data="[1, 12, 0, 1, 12, 0, 59, 0, 0, 59, 1, False, False, False]" />
            <level n="11" data="[1, 12, 0, 1, 12, 0, 59, 0, 0, 59, 1, True, False, False]" />
            <level n="12" data="[0, 23, 0, 3, 23, 0, 59, 0, 0, 59, 1, True, False, False]" />
         </levels>
    </game>

    <game dbids="258" min_age="0" max_age="7" show_all="1">
        <chapters data="[1, 4, 8, 10]" />
        <levels count="10" games_per_level="10">
            <level n="1" data="[1, 11, 1, 0, 12, 0, 0, 2, 0, 0, 5, False, False, True]" />
            <level n="2" data="[6, 12, 0, 1, 5, 0, 0, 2, 0, 0, 5, False, False, True]" />
            <level n="3" data="[1, 12, 2, 0, 0, 0, 51, 1, 5, 56, 5, False, False, True]" />
            <level n="4" data="[1, 12, 2, 0, 0, 0, 58, 1, 1, 59, 1, False, False, True]" />
            <level n="5" data="[1, 11, 3, 0, 0, 10, 55, 3, 5, 0, 5, False, False, True]" />
            <level n="6" data="[1, 11, 3, 0, 0, 2, 59, 3, 1, 0, 1, False, False, True]" />
            <level n="7" data="[1, 11, 0, 1, 12, 2, 59, 3, 1, 0, 1, False, False, True]" />
            <level n="8" data="[1, 11, 1, 0, 12, 0, 51, 1, 0, 56, 5, False, False, True]" />
            <level n="9" data="[1, 11, 1, 0, 12, 0, 58, 1, 1, 59, 1, False, False, True]" />
            <level n="10" data="[1, 12, 0, 1, 12, 0, 59, 0, 0, 59, 1, False, False, True]" />
         </levels>
    </game>

    <game dbids="261" min_age="0" max_age="7" show_all="1">
        <chapters data="[1, 4, 8, 12]" />
        <levels count="12" games_per_level="10">
            <level n="1" data="[1, 11, 1, 0, 12, 0, 0, 2, 0, 0, 5, False, True, True]" />
            <level n="2" data="[6, 12, 0, 1, 5, 0, 0, 2, 0, 0, 5, False, True, True]" />
            <level n="3" data="[1, 12, 2, 0, 0, 0, 51, 1, 5, 56, 5, False, True, True]" />
            <level n="4" data="[1, 12, 2, 0, 0, 0, 58, 1, 1, 59, 1, False, True, True]" />
            <level n="5" data="[1, 11, 3, 0, 0, 10, 55, 3, 5, 0, 5, False, True, True]" />
            <level n="6" data="[1, 11, 3, 0, 0, 2, 59, 3, 1, 0, 1, False, True, True]" />
            <level n="7" data="[1, 11, 0, 1, 12, 2, 59, 3, 1, 0, 1, False, True, True]" />
            <level n="8" data="[1, 11, 1, 0, 12, 0, 51, 1, 0, 56, 5, False, True, True]" />
            <level n="9" data="[1, 11, 1, 0, 12, 0, 58, 1, 1, 59, 1, False, True, True]" />
            <level n="10" data="[1, 12, 0, 1, 12, 0, 59, 0, 0, 59, 1, False, True, True]" />
            <level n="11" data="[1, 12, 0, 1, 12, 0, 59, 0, 0, 59, 1, True, True, True]" />
            <level n="12" data="[0, 23, 0, 3, 23, 0, 59, 0, 0, 59, 1, True, True, True]" />
         </levels>
    </game>

    <!-- Multiplication and division of fractions with simplification
    level_data = [max denominator, show simp cross line, show divisors, show result of division by gcf, show result of multiplication, all result boxes hidden]
    -->
    <game dbids="277, 285" min_age="0" max_age="7" show_all="1">
        <levels count="6" games_per_level="15">
            <level n="1" data="[6, True, True, True, True, False]" />
            <level n="2" data="[8, True, True, True, True, False]" />
            <level n="3" data="[12, True, True, True, True, False]" />
            <level n="4" data="[12, True, True, False, False, False]" />
            <level n="5" data="[12, True, False, False, False, False]" />
            <level n="6" data="[12, False, False, False, False, True]" />
        </levels>
    </game>

    <!-- Addition and subtraction of fractions
    level_data = [max denominator, show divisors, hide result of first simplification, hide result of second simplification]
    -->
    <game dbids="281" min_age="3" max_age="4" show_all="1">
        <levels count="4" games_per_level="15">
            <level n="1" data="[4, True, False, False]" />
            <level n="2" data="[6, True, False, False]" />
            <level n="3" data="[8, True, False, False]" />
            <level n="4" data="[12, True, False, False]" />
        </levels>
    </game>
    <game dbids="282" min_age="5" max_age="7" show_all="1">
        <levels count="6" games_per_level="15">
            <level n="1" data="[6, True, False, False]" />
            <level n="2" data="[8, True, False, False]" />
            <level n="3" data="[12, True, False, False]" />
            <level n="4" data="[12, True, True, False]" />
            <level n="5" data="[12, False, False, True]" />
            <level n="6" data="[12, False, True, True]" />
        </levels>
    </game>

    <game dbids="283" min_age="3" max_age="4" show_all="1">
        <levels count="4" games_per_level="15">
            <level n="1" data="[4, True, False, False]" />
            <level n="2" data="[6, True, False, False]" />
            <level n="3" data="[8, True, False, False]" />
            <level n="4" data="[12, True, False, False]" />
        </levels>
    </game>
    <game dbids="284" min_age="5" max_age="7" show_all="1">
        <levels count="6" games_per_level="15">
            <level n="1" data="[6, True, False, False]" />
            <level n="2" data="[8, True, False, False]" />
            <level n="3" data="[12, True, False, False]" />
            <level n="4" data="[12, True, True, False]" />
            <level n="5" data="[12, False, False, True]" />
            <level n="6" data="[12, False, True, True]" />
        </levels>
    </game>

    <!-- placeholders -->
    <game dbids="15" min_age="0" max_age="7" show_all="1">
        <levels count="16" games_per_level="2"/>
    </game>

    <game dbids="21, 27" min_age="0" max_age="3" show_all="1">
        <levels count="6" games_per_level="0"/>
    </game>

    <game dbids="28, 29, 249" min_age="0" max_age="7" show_all="1">
        <levels count="5" games_per_level="0"/>
    </game>

    <game dbids="227, 228, 214" min_age="0" max_age="7" show_all="1">
        <levels count="3" games_per_level="0"/>
    </game>

    <game dbids="68, 69, 206, 299, 300" min_age="0" max_age="7" show_all="1">
         <levels count="8" games_per_level="0"/>
    </game>

    <game dbids="67, 166" min_age="0" max_age="7" show_all="1">
        <levels count="13" games_per_level="0"/>
    </game>

    <game dbids="70" min_age="0" max_age="7" show_all="1">
        <levels count="16" games_per_level="0"/>
    </game>

    <game dbids="14, 146, 317" min_age="0" max_age="7" show_all="1">
        <levels count="28" games_per_level="0"/>
    </game>

    <game dbids="17" min_age="0" max_age="7" show_all="1">
        <levels count="8" games_per_level="10"/>
    </game>

    <game dbids="18, 19" min_age="0" max_age="7" show_all="1">
        <levels count="5" games_per_level="5"/>
    </game>

    <game dbids="72" min_age="0" max_age="7" show_all="1">
        <levels count="4" games_per_level="10"/>
    </game>

    <game dbids="73" min_age="0" max_age="7" show_all="1">
        <levels count="3" games_per_level="6"/>
    </game>

    <game dbids="76, 78" min_age="2" max_age="7" show_all="1">
        <levels count="6" games_per_level="10"/>
    </game>

    <game dbids="80" min_age="0" max_age="7" show_all="1">
        <levels count="17" games_per_level="5"/>
    </game>

    <game dbids="86" min_age="0" max_age="7" show_all="1">
        <levels count="7" games_per_level="3"/>
    </game>

    <game dbids="87" min_age="0" max_age="7" show_all="1">
        <levels count="18" games_per_level="5"/>
    </game>

    <game dbids="90" min_age="0" max_age="7" show_all="1">
        <levels count="3" games_per_level="15"/>
    </game>

    <game dbids="91, 92" min_age="0" max_age="7" show_all="1">
        <levels count="14" games_per_level="4"/>
    </game>

    <game dbids="93" min_age="0" max_age="7" show_all="1">
        <levels count="12" games_per_level="4"/>
    </game>

    <game dbids="94" min_age="0" max_age="7" show_all="1">
        <levels count="14" games_per_level="1"/>
    </game>

    <game dbids="94" min_age="0" max_age="7" show_all="1">
        <levels count="14" games_per_level="1"/>
    </game>

    <game dbids="95" min_age="0" max_age="7" show_all="1">
        <levels count="10" games_per_level="1"/>
    </game>

    <game dbids="96, 97, 98" min_age="0" max_age="7" show_all="1">
        <levels count="20" games_per_level="1"/>
    </game>

    <game dbids="82, 83, 84, 85" min_age="0" max_age="7" show_all="1">
        <levels count="10" games_per_level="3"/>
    </game>

    <game dbids="106, 170, 171, 178, 179" min_age="0" max_age="7" show_all="1">
        <levels count="8" games_per_level="15"/>
    </game>

    <game dbids="169, 173, 177, 181" min_age="0" max_age="7" show_all="1">
        <levels count="13" games_per_level="15"/>
    </game>

    <game dbids="172, 180" min_age="0" max_age="7" show_all="1">
        <levels count="16" games_per_level="3"/>
    </game>

    <game dbids="107, 108, 109, 110, 111, 112, 113, 114, 115, 116, 117, 118" min_age="0" max_age="7" show_all="1">
        <levels count="5" games_per_level="10"/>
    </game>

    <game dbids="182, 183, 184, 185, 186, 187, 188, 189, 190, 191, 192, 193" min_age="0" max_age="7" show_all="1">
        <levels count="5" games_per_level="10"/>
    </game>

    <game dbids="154, 155, 156, 157, 158, 159, 160, 161, 162, 163, 164, 165" min_age="0" max_age="7" show_all="1">
        <levels count="3" games_per_level="5"/>
    </game>

    <game dbids="194, 195, 196, 197, 198, 199, 200, 201, 202, 203, 204, 205" min_age="0" max_age="7" show_all="1">
        <levels count="3" games_per_level="5"/>
    </game>
    <!-- end placeholders -->

</levels>
